vehicle_id,model,engine_type,engine_cc,weight_kg,vehicle_class,drivetrain,manufacture_year,avg_daily_km
V1,Sunny,I4,1500,1050,Sedan,FWD,2008,45.0
V2,Altima,I4,2500,1450,Sedan,FWD,2019,38.6
V3,Patrol,V6,4000,2600,SUV,AWD,2009,46.5
V4,Sunny,I4,1500,1050,Sedan,FWD,2011,55.2
V5,Patrol,V6,4000,2600,SUV,AWD,2011,37.7
V6,Pathfinder,V6,3500,2000,SUV,AWD,2011,37.7
V7,Sunny,I4,1500,1050,Sedan,FWD,2020,55.8
V8,X-Trail,I4,2500,1650,SUV,AWD,2012,47.7
V9,X-Trail,I4,2500,1650,SUV,AWD,2009,35.3
V10,X-Trail,I4,2500,1650,SUV,AWD,2017,45.4
V11,Pathfinder,V6,3500,2000,SUV,AWD,2016,35.4
V12,Sunny,I4,1500,1050,Sedan,FWD,2016,35.3
V13,X-Trail,I4,2500,1650,SUV,AWD,2017,42.4
V14,Altima,I4,2500,1450,Sedan,FWD,2020,20.9
V15,Altima,I4,2500,1450,Sedan,FWD,2021,22.8
V16,X-Trail,I4,2500,1650,SUV,AWD,2010,34.4
V17,X-Trail,I4,2500,1650,SUV,AWD,2019,29.9
V18,Patrol,V6,4000,2600,SUV,AWD,2018,43.1
V19,Altima,I4,2500,1450,Sedan,FWD,2015,30.9
V20,Patrol,V6,4000,2600,SUV,AWD,2011,25.9
V21,Sunny,I4,1500,1050,Sedan,FWD,2011,54.7
V22,Pathfinder,V6,3500,2000,SUV,AWD,2012,37.7
V23,Patrol,V6,4000,2600,SUV,AWD,2022,40.7
V24,Pathfinder,V6,3500,2000,SUV,AWD,2014,25.8
V25,Altima,I4,2500,1450,Sedan,FWD,2012,34.6
V26,Patrol,V6,4000,2600,SUV,AWD,2012,41.1
V27,Patrol,V6,4000,2600,SUV,AWD,2014,28.5
V28,Altima,I4,2500,1450,Sedan,FWD,2016,43.8
V29,Sunny,I4,1500,1050,Sedan,FWD,2010,34.0
V30,Pathfinder,V6,3500,2000,SUV,AWD,2017,37.1
V31,Pathfinder,V6,3500,2000,SUV,AWD,2016,34.0
V32,Sunny,I4,1500,1050,Sedan,FWD,2018,58.5
V33,Patrol,V6,4000,2600,SUV,AWD,2020,39.9
V34,Sunny,I4,1500,1050,Sedan,FWD,2012,29.4
V35,X-Trail,I4,2500,1650,SUV,AWD,2016,48.2
V36,Sunny,I4,1500,1050,Sedan,FWD,2021,27.8
V37,Patrol,V6,4000,2600,SUV,AWD,2017,42.1
V38,Altima,I4,2500,1450,Sedan,FWD,2016,20.4
V39,Sunny,I4,1500,1050,Sedan,FWD,2017,26.7
V40,X-Trail,I4,2500,1650,SUV,AWD,2022,42.0
V41,Altima,I4,2500,1450,Sedan,FWD,2008,47.4
V42,Sunny,I4,1500,1050,Sedan,FWD,2009,41.7
V43,Patrol,V6,4000,2600,SUV,AWD,2020,38.8
V44,Patrol,V6,4000,2600,SUV,AWD,2010,37.0
V45,Pathfinder,V6,3500,2000,SUV,AWD,2011,25.2
V46,Altima,I4,2500,1450,Sedan,FWD,2019,32.8
V47,X-Trail,I4,2500,1650,SUV,AWD,2015,35.4
V48,Altima,I4,2500,1450,Sedan,FWD,2011,50.6
V49,Patrol,V6,4000,2600,SUV,AWD,2011,43.4
V50,Sunny,I4,1500,1050,Sedan,FWD,2011,22.4
V51,X-Trail,I4,2500,1650,SUV,AWD,2009,43.2
V52,Pathfinder,V6,3500,2000,SUV,AWD,2011,36.1
V53,Patrol,V6,4000,2600,SUV,AWD,2017,33.2
V54,Pathfinder,V6,3500,2000,SUV,AWD,2011,46.1
V55,X-Trail,I4,2500,1650,SUV,AWD,2014,50.3
V56,Sunny,I4,1500,1050,Sedan,FWD,2018,49.3
V57,Sunny,I4,1500,1050,Sedan,FWD,2014,31.6
V58,Sunny,I4,1500,1050,Sedan,FWD,2011,36.9
V59,Altima,I4,2500,1450,Sedan,FWD,2014,43.3
V60,Sunny,I4,1500,1050,Sedan,FWD,2015,49.8
V61,Sunny,I4,1500,1050,Sedan,FWD,2008,35.2
V62,Sunny,I4,1500,1050,Sedan,FWD,2009,38.1
V63,Altima,I4,2500,1450,Sedan,FWD,2014,28.9
V64,Pathfinder,V6,3500,2000,SUV,AWD,2022,28.0
V65,Pathfinder,V6,3500,2000,SUV,AWD,2012,48.1
V66,X-Trail,I4,2500,1650,SUV,AWD,2014,53.6
V67,Patrol,V6,4000,2600,SUV,AWD,2018,39.3
V68,X-Trail,I4,2500,1650,SUV,AWD,2011,50.0
V69,Patrol,V6,4000,2600,SUV,AWD,2008,43.6
V70,Patrol,V6,4000,2600,SUV,AWD,2015,33.5
V71,Altima,I4,2500,1450,Sedan,FWD,2008,43.6
V72,Altima,I4,2500,1450,Sedan,FWD,2009,55.4
V73,Altima,I4,2500,1450,Sedan,FWD,2014,39.6
V74,Altima,I4,2500,1450,Sedan,FWD,2017,55.6
V75,Pathfinder,V6,3500,2000,SUV,AWD,2018,13.8
V76,X-Trail,I4,2500,1650,SUV,AWD,2011,48.2
V77,X-Trail,I4,2500,1650,SUV,AWD,2014,40.9
V78,Pathfinder,V6,3500,2000,SUV,AWD,2013,37.0
V79,Sunny,I4,1500,1050,Sedan,FWD,2015,40.9
V80,Sunny,I4,1500,1050,Sedan,FWD,2009,20.1
V81,Altima,I4,2500,1450,Sedan,FWD,2022,37.8
V82,Altima,I4,2500,1450,Sedan,FWD,2013,43.6
V83,Patrol,V6,4000,2600,SUV,AWD,2019,54.8
V84,Patrol,V6,4000,2600,SUV,AWD,2008,34.8
V85,Sunny,I4,1500,1050,Sedan,FWD,2022,31.9
V86,Sunny,I4,1500,1050,Sedan,FWD,2019,35.0
V87,Patrol,V6,4000,2600,SUV,AWD,2011,49.2
V88,X-Trail,I4,2500,1650,SUV,AWD,2016,43.3
V89,Sunny,I4,1500,1050,Sedan,FWD,2009,34.7
V90,Sunny,I4,1500,1050,Sedan,FWD,2008,45.1
V91,X-Trail,I4,2500,1650,SUV,AWD,2010,41.0
V92,Pathfinder,V6,3500,2000,SUV,AWD,2016,49.7
V93,Altima,I4,2500,1450,Sedan,FWD,2016,33.0
V94,Patrol,V6,4000,2600,SUV,AWD,2010,36.7
V95,X-Trail,I4,2500,1650,SUV,AWD,2022,36.1
V96,Sunny,I4,1500,1050,Sedan,FWD,2022,25.4
V97,Sunny,I4,1500,1050,Sedan,FWD,2013,43.0
V98,Pathfinder,V6,3500,2000,SUV,AWD,2017,42.6
V99,Altima,I4,2500,1450,Sedan,FWD,2021,40.1
V100,Altima,I4,2500,1450,Sedan,FWD,2022,37.7
V101,X-Trail,I4,2500,1650,SUV,AWD,2020,25.8
V102,Altima,I4,2500,1450,Sedan,FWD,2012,35.8
V103,Pathfinder,V6,3500,2000,SUV,AWD,2021,36.6
V104,Altima,I4,2500,1450,Sedan,FWD,2021,32.0
V105,Altima,I4,2500,1450,Sedan,FWD,2011,38.4
V106,X-Trail,I4,2500,1650,SUV,AWD,2012,44.0
V107,X-Trail,I4,2500,1650,SUV,AWD,2013,58.9
V108,Patrol,V6,4000,2600,SUV,AWD,2013,41.7
V109,X-Trail,I4,2500,1650,SUV,AWD,2010,42.6
V110,Sunny,I4,1500,1050,Sedan,FWD,2009,39.3
V111,X-Trail,I4,2500,1650,SUV,AWD,2014,20.8
V112,Pathfinder,V6,3500,2000,SUV,AWD,2022,39.7
V113,Pathfinder,V6,3500,2000,SUV,AWD,2008,40.6
V114,Altima,I4,2500,1450,Sedan,FWD,2013,64.6
V115,X-Trail,I4,2500,1650,SUV,AWD,2017,38.1
V116,X-Trail,I4,2500,1650,SUV,AWD,2016,43.0
V117,Pathfinder,V6,3500,2000,SUV,AWD,2019,39.7
V118,Pathfinder,V6,3500,2000,SUV,AWD,2018,28.3
V119,Altima,I4,2500,1450,Sedan,FWD,2017,51.4
V120,Sunny,I4,1500,1050,Sedan,FWD,2012,47.5
V121,Patrol,V6,4000,2600,SUV,AWD,2017,47.9
V122,Pathfinder,V6,3500,2000,SUV,AWD,2018,30.9
V123,Altima,I4,2500,1450,Sedan,FWD,2018,54.0
V124,Patrol,V6,4000,2600,SUV,AWD,2013,26.0
V125,Altima,I4,2500,1450,Sedan,FWD,2018,45.9
V126,Altima,I4,2500,1450,Sedan,FWD,2008,61.9
V127,Patrol,V6,4000,2600,SUV,AWD,2021,30.1
V128,Patrol,V6,4000,2600,SUV,AWD,2011,34.3
V129,Pathfinder,V6,3500,2000,SUV,AWD,2011,41.0
V130,Sunny,I4,1500,1050,Sedan,FWD,2020,35.0
V131,Patrol,V6,4000,2600,SUV,AWD,2015,24.5
V132,Sunny,I4,1500,1050,Sedan,FWD,2015,40.7
V133,Patrol,V6,4000,2600,SUV,AWD,2016,29.4
V134,Pathfinder,V6,3500,2000,SUV,AWD,2017,44.7
V135,Pathfinder,V6,3500,2000,SUV,AWD,2021,30.8
V136,Altima,I4,2500,1450,Sedan,FWD,2019,55.5
V137,Altima,I4,2500,1450,Sedan,FWD,2021,32.2
V138,Patrol,V6,4000,2600,SUV,AWD,2015,36.8
V139,Sunny,I4,1500,1050,Sedan,FWD,2019,48.1
V140,X-Trail,I4,2500,1650,SUV,AWD,2022,27.7
V141,Altima,I4,2500,1450,Sedan,FWD,2014,42.3
V142,Sunny,I4,1500,1050,Sedan,FWD,2014,53.1
V143,Pathfinder,V6,3500,2000,SUV,AWD,2008,23.9
V144,Patrol,V6,4000,2600,SUV,AWD,2019,41.8
V145,Patrol,V6,4000,2600,SUV,AWD,2014,42.6
V146,X-Trail,I4,2500,1650,SUV,AWD,2020,47.8
V147,Pathfinder,V6,3500,2000,SUV,AWD,2016,27.6
V148,Patrol,V6,4000,2600,SUV,AWD,2022,26.8
V149,Pathfinder,V6,3500,2000,SUV,AWD,2015,45.2
V150,Pathfinder,V6,3500,2000,SUV,AWD,2019,43.0
V151,Altima,I4,2500,1450,Sedan,FWD,2017,42.5
V152,Patrol,V6,4000,2600,SUV,AWD,2017,43.5
V153,Pathfinder,V6,3500,2000,SUV,AWD,2010,33.2
V154,X-Trail,I4,2500,1650,SUV,AWD,2014,42.3
V155,X-Trail,I4,2500,1650,SUV,AWD,2020,42.9
V156,Pathfinder,V6,3500,2000,SUV,AWD,2012,32.9
V157,Patrol,V6,4000,2600,SUV,AWD,2008,58.7
V158,Sunny,I4,1500,1050,Sedan,FWD,2020,44.7
V159,Sunny,I4,1500,1050,Sedan,FWD,2011,28.1
V160,Altima,I4,2500,1450,Sedan,FWD,2011,46.6
V161,Patrol,V6,4000,2600,SUV,AWD,2011,30.3
V162,X-Trail,I4,2500,1650,SUV,AWD,2010,47.9
V163,Sunny,I4,1500,1050,Sedan,FWD,2020,51.6
V164,Sunny,I4,1500,1050,Sedan,FWD,2017,31.8
V165,Pathfinder,V6,3500,2000,SUV,AWD,2014,49.6
V166,Patrol,V6,4000,2600,SUV,AWD,2019,44.1
V167,X-Trail,I4,2500,1650,SUV,AWD,2021,48.2
V168,Patrol,V6,4000,2600,SUV,AWD,2020,59.0
V169,X-Trail,I4,2500,1650,SUV,AWD,2009,37.5
V170,Pathfinder,V6,3500,2000,SUV,AWD,2021,32.5
V171,X-Trail,I4,2500,1650,SUV,AWD,2018,31.1
V172,Altima,I4,2500,1450,Sedan,FWD,2014,31.8
V173,X-Trail,I4,2500,1650,SUV,AWD,2017,39.2
V174,Pathfinder,V6,3500,2000,SUV,AWD,2015,43.4
V175,X-Trail,I4,2500,1650,SUV,AWD,2013,42.8
V176,Sunny,I4,1500,1050,Sedan,FWD,2012,48.3
V177,Pathfinder,V6,3500,2000,SUV,AWD,2017,40.1
V178,Sunny,I4,1500,1050,Sedan,FWD,2015,54.5
V179,Altima,I4,2500,1450,Sedan,FWD,2013,37.4
V180,Patrol,V6,4000,2600,SUV,AWD,2019,67.2
V181,Patrol,V6,4000,2600,SUV,AWD,2011,46.3
V182,Pathfinder,V6,3500,2000,SUV,AWD,2016,31.4
V183,Pathfinder,V6,3500,2000,SUV,AWD,2015,29.3
V184,Altima,I4,2500,1450,Sedan,FWD,2014,44.8
V185,Patrol,V6,4000,2600,SUV,AWD,2013,37.8
V186,Pathfinder,V6,3500,2000,SUV,AWD,2019,47.1
V187,Pathfinder,V6,3500,2000,SUV,AWD,2012,44.7
V188,Altima,I4,2500,1450,Sedan,FWD,2013,39.3
V189,Altima,I4,2500,1450,Sedan,FWD,2011,31.5
V190,Patrol,V6,4000,2600,SUV,AWD,2020,24.9
V191,Sunny,I4,1500,1050,Sedan,FWD,2021,35.5
V192,Altima,I4,2500,1450,Sedan,FWD,2012,48.6
V193,X-Trail,I4,2500,1650,SUV,AWD,2008,42.1
V194,Altima,I4,2500,1450,Sedan,FWD,2018,27.5
V195,Sunny,I4,1500,1050,Sedan,FWD,2017,41.7
V196,X-Trail,I4,2500,1650,SUV,AWD,2010,43.9
V197,Pathfinder,V6,3500,2000,SUV,AWD,2009,31.2
V198,Sunny,I4,1500,1050,Sedan,FWD,2017,41.5
V199,Altima,I4,2500,1450,Sedan,FWD,2020,40.6
V200,Altima,I4,2500,1450,Sedan,FWD,2009,28.6
V201,Patrol,V6,4000,2600,SUV,AWD,2020,43.6
V202,Pathfinder,V6,3500,2000,SUV,AWD,2015,45.6
V203,Patrol,V6,4000,2600,SUV,AWD,2014,50.8
V204,Patrol,V6,4000,2600,SUV,AWD,2019,50.5
V205,Altima,I4,2500,1450,Sedan,FWD,2012,26.2
V206,Altima,I4,2500,1450,Sedan,FWD,2016,30.6
V207,Pathfinder,V6,3500,2000,SUV,AWD,2019,45.2
V208,Altima,I4,2500,1450,Sedan,FWD,2012,45.1
V209,Pathfinder,V6,3500,2000,SUV,AWD,2009,45.2
V210,Patrol,V6,4000,2600,SUV,AWD,2018,78.5
V211,Sunny,I4,1500,1050,Sedan,FWD,2016,45.7
V212,X-Trail,I4,2500,1650,SUV,AWD,2021,51.4
V213,X-Trail,I4,2500,1650,SUV,AWD,2017,49.5
V214,X-Trail,I4,2500,1650,SUV,AWD,2015,46.5
V215,Pathfinder,V6,3500,2000,SUV,AWD,2012,36.8
V216,Sunny,I4,1500,1050,Sedan,FWD,2017,47.6
V217,X-Trail,I4,2500,1650,SUV,AWD,2017,32.3
V218,Patrol,V6,4000,2600,SUV,AWD,2017,37.6
V219,X-Trail,I4,2500,1650,SUV,AWD,2017,35.1
V220,Pathfinder,V6,3500,2000,SUV,AWD,2016,40.8
V221,Altima,I4,2500,1450,Sedan,FWD,2017,63.1
V222,Sunny,I4,1500,1050,Sedan,FWD,2015,21.3
V223,Sunny,I4,1500,1050,Sedan,FWD,2021,46.9
V224,Pathfinder,V6,3500,2000,SUV,AWD,2012,23.9
V225,Patrol,V6,4000,2600,SUV,AWD,2008,35.3
V226,X-Trail,I4,2500,1650,SUV,AWD,2009,50.9
V227,Patrol,V6,4000,2600,SUV,AWD,2021,40.6
V228,Patrol,V6,4000,2600,SUV,AWD,2015,29.2
V229,X-Trail,I4,2500,1650,SUV,AWD,2017,32.8
V230,Sunny,I4,1500,1050,Sedan,FWD,2011,46.8
V231,X-Trail,I4,2500,1650,SUV,AWD,2015,32.7
V232,Sunny,I4,1500,1050,Sedan,FWD,2018,42.2
V233,Altima,I4,2500,1450,Sedan,FWD,2012,40.5
V234,Sunny,I4,1500,1050,Sedan,FWD,2011,33.5
V235,Pathfinder,V6,3500,2000,SUV,AWD,2009,61.4
V236,X-Trail,I4,2500,1650,SUV,AWD,2016,46.3
V237,Pathfinder,V6,3500,2000,SUV,AWD,2015,19.7
V238,Pathfinder,V6,3500,2000,SUV,AWD,2011,41.9
V239,Altima,I4,2500,1450,Sedan,FWD,2021,33.4
V240,Pathfinder,V6,3500,2000,SUV,AWD,2013,48.5
V241,Sunny,I4,1500,1050,Sedan,FWD,2012,32.1
V242,Patrol,V6,4000,2600,SUV,AWD,2018,38.9
V243,Patrol,V6,4000,2600,SUV,AWD,2015,45.0
V244,Patrol,V6,4000,2600,SUV,AWD,2014,48.7
V245,Altima,I4,2500,1450,Sedan,FWD,2019,28.0
V246,Pathfinder,V6,3500,2000,SUV,AWD,2008,36.7
V247,Pathfinder,V6,3500,2000,SUV,AWD,2014,35.3
V248,Altima,I4,2500,1450,Sedan,FWD,2015,33.5
V249,Patrol,V6,4000,2600,SUV,AWD,2013,57.7
V250,Pathfinder,V6,3500,2000,SUV,AWD,2009,44.0
V251,Altima,I4,2500,1450,Sedan,FWD,2014,27.4
V252,Sunny,I4,1500,1050,Sedan,FWD,2015,49.2
V253,Patrol,V6,4000,2600,SUV,AWD,2019,61.2
V254,X-Trail,I4,2500,1650,SUV,AWD,2021,50.3
V255,X-Trail,I4,2500,1650,SUV,AWD,2018,24.8
V256,Patrol,V6,4000,2600,SUV,AWD,2008,35.2
V257,X-Trail,I4,2500,1650,SUV,AWD,2011,52.7
V258,Sunny,I4,1500,1050,Sedan,FWD,2020,32.9
V259,Pathfinder,V6,3500,2000,SUV,AWD,2010,44.4
V260,Sunny,I4,1500,1050,Sedan,FWD,2013,47.7
V261,X-Trail,I4,2500,1650,SUV,AWD,2014,30.7
V262,Patrol,V6,4000,2600,SUV,AWD,2018,39.4
V263,Sunny,I4,1500,1050,Sedan,FWD,2017,7.6
V264,Altima,I4,2500,1450,Sedan,FWD,2015,29.8
V265,Pathfinder,V6,3500,2000,SUV,AWD,2018,37.5
V266,Sunny,I4,1500,1050,Sedan,FWD,2022,27.5
V267,Patrol,V6,4000,2600,SUV,AWD,2010,56.3
V268,Patrol,V6,4000,2600,SUV,AWD,2012,25.7
V269,X-Trail,I4,2500,1650,SUV,AWD,2015,35.6
V270,Pathfinder,V6,3500,2000,SUV,AWD,2021,41.3
V271,Patrol,V6,4000,2600,SUV,AWD,2013,54.4
V272,X-Trail,I4,2500,1650,SUV,AWD,2008,25.6
V273,X-Trail,I4,2500,1650,SUV,AWD,2008,51.6
V274,Sunny,I4,1500,1050,Sedan,FWD,2022,40.1
V275,X-Trail,I4,2500,1650,SUV,AWD,2020,30.2
V276,X-Trail,I4,2500,1650,SUV,AWD,2011,44.6
V277,Altima,I4,2500,1450,Sedan,FWD,2018,42.0
V278,Sunny,I4,1500,1050,Sedan,FWD,2012,34.0
V279,X-Trail,I4,2500,1650,SUV,AWD,2019,40.7
V280,X-Trail,I4,2500,1650,SUV,AWD,2019,36.1
V281,Patrol,V6,4000,2600,SUV,AWD,2022,41.1
V282,X-Trail,I4,2500,1650,SUV,AWD,2021,46.6
V283,Pathfinder,V6,3500,2000,SUV,AWD,2020,55.9
V284,Sunny,I4,1500,1050,Sedan,FWD,2015,27.6
V285,Altima,I4,2500,1450,Sedan,FWD,2021,61.3
V286,Pathfinder,V6,3500,2000,SUV,AWD,2021,20.5
V287,Pathfinder,V6,3500,2000,SUV,AWD,2008,38.5
V288,X-Trail,I4,2500,1650,SUV,AWD,2018,45.9
V289,Pathfinder,V6,3500,2000,SUV,AWD,2021,42.8
V290,Altima,I4,2500,1450,Sedan,FWD,2015,33.8
V291,Patrol,V6,4000,2600,SUV,AWD,2013,37.9
V292,Sunny,I4,1500,1050,Sedan,FWD,2018,35.1
V293,X-Trail,I4,2500,1650,SUV,AWD,2018,34.1
V294,Sunny,I4,1500,1050,Sedan,FWD,2012,48.5
V295,Altima,I4,2500,1450,Sedan,FWD,2022,43.6
V296,X-Trail,I4,2500,1650,SUV,AWD,2018,33.1
V297,Patrol,V6,4000,2600,SUV,AWD,2014,49.0
V298,Pathfinder,V6,3500,2000,SUV,AWD,2018,43.1
V299,Pathfinder,V6,3500,2000,SUV,AWD,2012,48.1
V300,Pathfinder,V6,3500,2000,SUV,AWD,2015,46.3
V301,Sunny,I4,1500,1050,Sedan,FWD,2018,31.7
V302,X-Trail,I4,2500,1650,SUV,AWD,2008,34.4
V303,Sunny,I4,1500,1050,Sedan,FWD,2021,47.5
V304,Altima,I4,2500,1450,Sedan,FWD,2018,46.1
V305,Sunny,I4,1500,1050,Sedan,FWD,2020,39.8
V306,Patrol,V6,4000,2600,SUV,AWD,2011,41.2
V307,Altima,I4,2500,1450,Sedan,FWD,2017,52.8
V308,X-Trail,I4,2500,1650,SUV,AWD,2020,34.1
V309,Sunny,I4,1500,1050,Sedan,FWD,2012,45.5
V310,Altima,I4,2500,1450,Sedan,FWD,2016,38.0
V311,Sunny,I4,1500,1050,Sedan,FWD,2010,37.8
V312,Altima,I4,2500,1450,Sedan,FWD,2017,51.0
V313,Sunny,I4,1500,1050,Sedan,FWD,2010,48.3
V314,Sunny,I4,1500,1050,Sedan,FWD,2015,48.1
V315,Patrol,V6,4000,2600,SUV,AWD,2009,53.1
V316,Patrol,V6,4000,2600,SUV,AWD,2008,40.2
V317,Patrol,V6,4000,2600,SUV,AWD,2012,46.8
V318,Sunny,I4,1500,1050,Sedan,FWD,2015,36.9
V319,Sunny,I4,1500,1050,Sedan,FWD,2015,43.2
V320,Sunny,I4,1500,1050,Sedan,FWD,2013,38.7
V321,X-Trail,I4,2500,1650,SUV,AWD,2017,41.0
V322,X-Trail,I4,2500,1650,SUV,AWD,2014,46.0
V323,Pathfinder,V6,3500,2000,SUV,AWD,2016,31.8
V324,Sunny,I4,1500,1050,Sedan,FWD,2021,60.9
V325,Patrol,V6,4000,2600,SUV,AWD,2019,29.9
V326,Altima,I4,2500,1450,Sedan,FWD,2014,27.9
V327,Pathfinder,V6,3500,2000,SUV,AWD,2019,51.6
V328,X-Trail,I4,2500,1650,SUV,AWD,2013,47.9
V329,Pathfinder,V6,3500,2000,SUV,AWD,2009,46.2
V330,Pathfinder,V6,3500,2000,SUV,AWD,2009,46.3
V331,Altima,I4,2500,1450,Sedan,FWD,2016,39.9
V332,Patrol,V6,4000,2600,SUV,AWD,2013,31.0
V333,Pathfinder,V6,3500,2000,SUV,AWD,2021,40.8
V334,X-Trail,I4,2500,1650,SUV,AWD,2017,33.2
V335,Patrol,V6,4000,2600,SUV,AWD,2011,49.8
V336,Sunny,I4,1500,1050,Sedan,FWD,2013,38.5
V337,X-Trail,I4,2500,1650,SUV,AWD,2017,31.7
V338,Patrol,V6,4000,2600,SUV,AWD,2020,36.8
V339,Patrol,V6,4000,2600,SUV,AWD,2008,44.1
V340,X-Trail,I4,2500,1650,SUV,AWD,2008,34.4
V341,X-Trail,I4,2500,1650,SUV,AWD,2022,31.8
V342,Altima,I4,2500,1450,Sedan,FWD,2017,42.4
V343,Sunny,I4,1500,1050,Sedan,FWD,2009,42.4
V344,Pathfinder,V6,3500,2000,SUV,AWD,2015,34.9
V345,X-Trail,I4,2500,1650,SUV,AWD,2020,35.3
V346,Sunny,I4,1500,1050,Sedan,FWD,2010,42.3
V347,Sunny,I4,1500,1050,Sedan,FWD,2012,25.5
V348,Patrol,V6,4000,2600,SUV,AWD,2015,25.9
V349,Patrol,V6,4000,2600,SUV,AWD,2009,32.8
V350,Patrol,V6,4000,2600,SUV,AWD,2015,37.9
V351,Altima,I4,2500,1450,Sedan,FWD,2014,43.1
V352,Altima,I4,2500,1450,Sedan,FWD,2012,54.8
V353,X-Trail,I4,2500,1650,SUV,AWD,2012,48.6
V354,Pathfinder,V6,3500,2000,SUV,AWD,2010,38.4
V355,Altima,I4,2500,1450,Sedan,FWD,2016,39.8
V356,X-Trail,I4,2500,1650,SUV,AWD,2009,30.0
V357,Pathfinder,V6,3500,2000,SUV,AWD,2008,39.8
V358,X-Trail,I4,2500,1650,SUV,AWD,2017,37.1
V359,Pathfinder,V6,3500,2000,SUV,AWD,2012,43.2
V360,X-Trail,I4,2500,1650,SUV,AWD,2010,31.7
V361,X-Trail,I4,2500,1650,SUV,AWD,2009,45.2
V362,Pathfinder,V6,3500,2000,SUV,AWD,2017,55.3
V363,X-Trail,I4,2500,1650,SUV,AWD,2019,38.9
V364,Altima,I4,2500,1450,Sedan,FWD,2009,44.0
V365,Patrol,V6,4000,2600,SUV,AWD,2011,46.9
V366,Altima,I4,2500,1450,Sedan,FWD,2011,36.0
V367,Altima,I4,2500,1450,Sedan,FWD,2017,42.2
V368,Sunny,I4,1500,1050,Sedan,FWD,2010,40.1
V369,Pathfinder,V6,3500,2000,SUV,AWD,2020,41.0
V370,Patrol,V6,4000,2600,SUV,AWD,2018,32.3
V371,X-Trail,I4,2500,1650,SUV,AWD,2010,40.2
V372,X-Trail,I4,2500,1650,SUV,AWD,2020,45.0
V373,Patrol,V6,4000,2600,SUV,AWD,2009,54.5
V374,Sunny,I4,1500,1050,Sedan,FWD,2013,49.6
V375,Sunny,I4,1500,1050,Sedan,FWD,2017,61.5
V376,Patrol,V6,4000,2600,SUV,AWD,2016,32.3
V377,Sunny,I4,1500,1050,Sedan,FWD,2015,48.7
V378,Altima,I4,2500,1450,Sedan,FWD,2013,41.8
V379,Sunny,I4,1500,1050,Sedan,FWD,2015,61.9
V380,X-Trail,I4,2500,1650,SUV,AWD,2019,31.9
V381,Sunny,I4,1500,1050,Sedan,FWD,2011,31.6
V382,Patrol,V6,4000,2600,SUV,AWD,2016,34.0
V383,X-Trail,I4,2500,1650,SUV,AWD,2014,18.8
V384,Patrol,V6,4000,2600,SUV,AWD,2008,34.7
V385,Sunny,I4,1500,1050,Sedan,FWD,2013,32.4
V386,X-Trail,I4,2500,1650,SUV,AWD,2012,41.5
V387,Patrol,V6,4000,2600,SUV,AWD,2021,43.4
V388,Altima,I4,2500,1450,Sedan,FWD,2022,58.8
V389,Pathfinder,V6,3500,2000,SUV,AWD,2010,49.5
V390,X-Trail,I4,2500,1650,SUV,AWD,2016,34.2
V391,Altima,I4,2500,1450,Sedan,FWD,2018,31.0
V392,Patrol,V6,4000,2600,SUV,AWD,2009,44.9
V393,X-Trail,I4,2500,1650,SUV,AWD,2008,26.8
V394,Altima,I4,2500,1450,Sedan,FWD,2013,58.3
V395,Altima,I4,2500,1450,Sedan,FWD,2010,51.8
V396,Sunny,I4,1500,1050,Sedan,FWD,2016,35.3
V397,Patrol,V6,4000,2600,SUV,AWD,2008,22.9
V398,Patrol,V6,4000,2600,SUV,AWD,2010,53.5
V399,Altima,I4,2500,1450,Sedan,FWD,2021,38.9
V400,Altima,I4,2500,1450,Sedan,FWD,2019,52.4
V401,Altima,I4,2500,1450,Sedan,FWD,2015,24.1
V402,Pathfinder,V6,3500,2000,SUV,AWD,2011,34.0
V403,Pathfinder,V6,3500,2000,SUV,AWD,2022,40.1
V404,Patrol,V6,4000,2600,SUV,AWD,2015,40.5
V405,Pathfinder,V6,3500,2000,SUV,AWD,2016,35.5
V406,Altima,I4,2500,1450,Sedan,FWD,2020,46.2
V407,Sunny,I4,1500,1050,Sedan,FWD,2018,29.3
V408,Sunny,I4,1500,1050,Sedan,FWD,2019,38.6
V409,X-Trail,I4,2500,1650,SUV,AWD,2009,41.2
V410,Patrol,V6,4000,2600,SUV,AWD,2010,45.1
V411,Altima,I4,2500,1450,Sedan,FWD,2021,47.1
V412,Sunny,I4,1500,1050,Sedan,FWD,2014,28.8
V413,Altima,I4,2500,1450,Sedan,FWD,2014,24.7
V414,Sunny,I4,1500,1050,Sedan,FWD,2013,52.8
V415,X-Trail,I4,2500,1650,SUV,AWD,2020,43.3
V416,Pathfinder,V6,3500,2000,SUV,AWD,2019,32.5
V417,Pathfinder,V6,3500,2000,SUV,AWD,2015,55.5
V418,Sunny,I4,1500,1050,Sedan,FWD,2012,41.2
V419,Patrol,V6,4000,2600,SUV,AWD,2016,51.8
V420,Altima,I4,2500,1450,Sedan,FWD,2012,40.7
V421,Patrol,V6,4000,2600,SUV,AWD,2015,60.6
V422,Pathfinder,V6,3500,2000,SUV,AWD,2017,57.6
V423,Patrol,V6,4000,2600,SUV,AWD,2011,37.5
V424,Sunny,I4,1500,1050,Sedan,FWD,2017,49.7
V425,Altima,I4,2500,1450,Sedan,FWD,2018,46.5
V426,X-Trail,I4,2500,1650,SUV,AWD,2009,53.7
V427,Patrol,V6,4000,2600,SUV,AWD,2016,30.4
V428,Sunny,I4,1500,1050,Sedan,FWD,2018,46.9
V429,Sunny,I4,1500,1050,Sedan,FWD,2013,50.6
V430,Sunny,I4,1500,1050,Sedan,FWD,2020,22.4
V431,Altima,I4,2500,1450,Sedan,FWD,2008,28.2
V432,Altima,I4,2500,1450,Sedan,FWD,2021,19.6
V433,Pathfinder,V6,3500,2000,SUV,AWD,2018,37.3
V434,Pathfinder,V6,3500,2000,SUV,AWD,2008,47.2
V435,Altima,I4,2500,1450,Sedan,FWD,2022,55.0
V436,Patrol,V6,4000,2600,SUV,AWD,2014,40.7
V437,X-Trail,I4,2500,1650,SUV,AWD,2008,56.3
V438,X-Trail,I4,2500,1650,SUV,AWD,2021,26.2
V439,X-Trail,I4,2500,1650,SUV,AWD,2012,23.0
V440,Pathfinder,V6,3500,2000,SUV,AWD,2019,39.4
V441,X-Trail,I4,2500,1650,SUV,AWD,2010,43.8
V442,Patrol,V6,4000,2600,SUV,AWD,2012,39.7
V443,Sunny,I4,1500,1050,Sedan,FWD,2014,19.3
V444,Patrol,V6,4000,2600,SUV,AWD,2012,39.1
V445,X-Trail,I4,2500,1650,SUV,AWD,2012,27.0
V446,Altima,I4,2500,1450,Sedan,FWD,2019,46.7
V447,X-Trail,I4,2500,1650,SUV,AWD,2017,43.7
V448,Sunny,I4,1500,1050,Sedan,FWD,2009,30.6
V449,Patrol,V6,4000,2600,SUV,AWD,2020,34.9
V450,Sunny,I4,1500,1050,Sedan,FWD,2010,29.4
V451,Pathfinder,V6,3500,2000,SUV,AWD,2008,39.4
V452,X-Trail,I4,2500,1650,SUV,AWD,2013,49.6
V453,Patrol,V6,4000,2600,SUV,AWD,2010,30.1
V454,X-Trail,I4,2500,1650,SUV,AWD,2015,45.0
V455,Patrol,V6,4000,2600,SUV,AWD,2013,34.7
V456,Altima,I4,2500,1450,Sedan,FWD,2009,32.1
V457,Patrol,V6,4000,2600,SUV,AWD,2014,38.9
V458,X-Trail,I4,2500,1650,SUV,AWD,2019,29.6
V459,X-Trail,I4,2500,1650,SUV,AWD,2019,34.5
V460,Sunny,I4,1500,1050,Sedan,FWD,2010,28.0
V461,Pathfinder,V6,3500,2000,SUV,AWD,2009,59.6
V462,X-Trail,I4,2500,1650,SUV,AWD,2018,40.4
V463,Patrol,V6,4000,2600,SUV,AWD,2012,33.0
V464,Altima,I4,2500,1450,Sedan,FWD,2020,42.1
V465,Altima,I4,2500,1450,Sedan,FWD,2020,38.9
V466,Sunny,I4,1500,1050,Sedan,FWD,2013,37.8
V467,Patrol,V6,4000,2600,SUV,AWD,2010,46.1
V468,X-Trail,I4,2500,1650,SUV,AWD,2014,47.6
V469,Patrol,V6,4000,2600,SUV,AWD,2014,34.7
V470,Sunny,I4,1500,1050,Sedan,FWD,2010,34.2
V471,Pathfinder,V6,3500,2000,SUV,AWD,2015,37.2
V472,Patrol,V6,4000,2600,SUV,AWD,2018,17.0
V473,Altima,I4,2500,1450,Sedan,FWD,2014,24.8
V474,Sunny,I4,1500,1050,Sedan,FWD,2016,53.7
V475,X-Trail,I4,2500,1650,SUV,AWD,2022,56.4
V476,Patrol,V6,4000,2600,SUV,AWD,2022,37.5
V477,Altima,I4,2500,1450,Sedan,FWD,2018,45.8
V478,X-Trail,I4,2500,1650,SUV,AWD,2017,43.1
V479,Altima,I4,2500,1450,Sedan,FWD,2017,70.8
V480,Patrol,V6,4000,2600,SUV,AWD,2019,51.2
V481,Patrol,V6,4000,2600,SUV,AWD,2008,38.7
V482,Sunny,I4,1500,1050,Sedan,FWD,2018,30.4
V483,Altima,I4,2500,1450,Sedan,FWD,2020,23.9
V484,Sunny,I4,1500,1050,Sedan,FWD,2015,42.0
V485,X-Trail,I4,2500,1650,SUV,AWD,2015,32.4
V486,Pathfinder,V6,3500,2000,SUV,AWD,2012,25.8
V487,Altima,I4,2500,1450,Sedan,FWD,2015,33.5
V488,X-Trail,I4,2500,1650,SUV,AWD,2017,29.2
V489,X-Trail,I4,2500,1650,SUV,AWD,2019,56.9
V490,Pathfinder,V6,3500,2000,SUV,AWD,2010,48.8
V491,Sunny,I4,1500,1050,Sedan,FWD,2013,39.9
V492,Pathfinder,V6,3500,2000,SUV,AWD,2011,54.8
V493,Pathfinder,V6,3500,2000,SUV,AWD,2021,40.8
V494,Altima,I4,2500,1450,Sedan,FWD,2021,31.4
V495,X-Trail,I4,2500,1650,SUV,AWD,2011,55.2
V496,Patrol,V6,4000,2600,SUV,AWD,2015,45.4
V497,Sunny,I4,1500,1050,Sedan,FWD,2009,29.6
V498,Altima,I4,2500,1450,Sedan,FWD,2011,38.1
V499,X-Trail,I4,2500,1650,SUV,AWD,2015,31.2
V500,Pathfinder,V6,3500,2000,SUV,AWD,2012,26.2
V501,Pathfinder,V6,3500,2000,SUV,AWD,2010,49.3
V502,Pathfinder,V6,3500,2000,SUV,AWD,2013,59.1
V503,Patrol,V6,4000,2600,SUV,AWD,2011,26.0
V504,Pathfinder,V6,3500,2000,SUV,AWD,2016,45.6
V505,Patrol,V6,4000,2600,SUV,AWD,2018,33.5
V506,Sunny,I4,1500,1050,Sedan,FWD,2014,35.1
V507,Patrol,V6,4000,2600,SUV,AWD,2013,34.1
V508,Patrol,V6,4000,2600,SUV,AWD,2014,31.4
V509,Altima,I4,2500,1450,Sedan,FWD,2019,40.5
V510,Pathfinder,V6,3500,2000,SUV,AWD,2010,31.7
V511,X-Trail,I4,2500,1650,SUV,AWD,2022,42.7
V512,Patrol,V6,4000,2600,SUV,AWD,2019,39.5
V513,Patrol,V6,4000,2600,SUV,AWD,2021,37.6
V514,Patrol,V6,4000,2600,SUV,AWD,2012,30.9
V515,X-Trail,I4,2500,1650,SUV,AWD,2018,34.2
V516,X-Trail,I4,2500,1650,SUV,AWD,2020,47.6
V517,Sunny,I4,1500,1050,Sedan,FWD,2017,45.0
V518,Patrol,V6,4000,2600,SUV,AWD,2017,30.2
V519,Pathfinder,V6,3500,2000,SUV,AWD,2010,41.0
V520,Pathfinder,V6,3500,2000,SUV,AWD,2010,47.5
V521,Patrol,V6,4000,2600,SUV,AWD,2019,23.3
V522,X-Trail,I4,2500,1650,SUV,AWD,2014,45.4
V523,Pathfinder,V6,3500,2000,SUV,AWD,2016,33.4
V524,Sunny,I4,1500,1050,Sedan,FWD,2019,45.7
V525,X-Trail,I4,2500,1650,SUV,AWD,2018,32.4
V526,Altima,I4,2500,1450,Sedan,FWD,2015,22.0
V527,X-Trail,I4,2500,1650,SUV,AWD,2018,23.7
V528,X-Trail,I4,2500,1650,SUV,AWD,2017,40.5
V529,X-Trail,I4,2500,1650,SUV,AWD,2016,42.6
V530,X-Trail,I4,2500,1650,SUV,AWD,2020,31.0
V531,Pathfinder,V6,3500,2000,SUV,AWD,2013,46.4
V532,X-Trail,I4,2500,1650,SUV,AWD,2012,23.4
V533,Pathfinder,V6,3500,2000,SUV,AWD,2022,39.3
V534,Altima,I4,2500,1450,Sedan,FWD,2012,27.9
V535,Sunny,I4,1500,1050,Sedan,FWD,2013,33.5
V536,Pathfinder,V6,3500,2000,SUV,AWD,2011,40.5
V537,Patrol,V6,4000,2600,SUV,AWD,2019,31.4
V538,Patrol,V6,4000,2600,SUV,AWD,2011,36.2
V539,Patrol,V6,4000,2600,SUV,AWD,2011,50.1
V540,Pathfinder,V6,3500,2000,SUV,AWD,2013,34.2
V541,Altima,I4,2500,1450,Sedan,FWD,2008,48.4
V542,Altima,I4,2500,1450,Sedan,FWD,2014,28.7
V543,Pathfinder,V6,3500,2000,SUV,AWD,2015,45.3
V544,X-Trail,I4,2500,1650,SUV,AWD,2013,54.4
V545,Sunny,I4,1500,1050,Sedan,FWD,2018,15.3
V546,Sunny,I4,1500,1050,Sedan,FWD,2022,32.0
V547,Altima,I4,2500,1450,Sedan,FWD,2022,45.8
V548,Pathfinder,V6,3500,2000,SUV,AWD,2020,38.0
V549,X-Trail,I4,2500,1650,SUV,AWD,2022,43.7
V550,Patrol,V6,4000,2600,SUV,AWD,2009,34.0
V551,Pathfinder,V6,3500,2000,SUV,AWD,2018,40.9
V552,Altima,I4,2500,1450,Sedan,FWD,2021,38.4
V553,Sunny,I4,1500,1050,Sedan,FWD,2013,51.7
V554,X-Trail,I4,2500,1650,SUV,AWD,2019,42.5
V555,X-Trail,I4,2500,1650,SUV,AWD,2017,43.4
V556,Patrol,V6,4000,2600,SUV,AWD,2021,35.9
V557,Pathfinder,V6,3500,2000,SUV,AWD,2016,35.1
V558,Sunny,I4,1500,1050,Sedan,FWD,2010,35.7
V559,Altima,I4,2500,1450,Sedan,FWD,2008,43.9
V560,X-Trail,I4,2500,1650,SUV,AWD,2013,35.8
V561,Sunny,I4,1500,1050,Sedan,FWD,2012,42.9
V562,Sunny,I4,1500,1050,Sedan,FWD,2018,60.8
V563,Pathfinder,V6,3500,2000,SUV,AWD,2018,48.7
V564,X-Trail,I4,2500,1650,SUV,AWD,2019,36.7
V565,X-Trail,I4,2500,1650,SUV,AWD,2013,52.0
V566,Altima,I4,2500,1450,Sedan,FWD,2015,35.9
V567,Patrol,V6,4000,2600,SUV,AWD,2013,19.6
V568,Pathfinder,V6,3500,2000,SUV,AWD,2020,29.9
V569,Altima,I4,2500,1450,Sedan,FWD,2020,21.3
V570,Sunny,I4,1500,1050,Sedan,FWD,2016,36.5
V571,Sunny,I4,1500,1050,Sedan,FWD,2022,40.2
V572,Patrol,V6,4000,2600,SUV,AWD,2022,56.8
V573,Altima,I4,2500,1450,Sedan,FWD,2010,43.3
V574,Sunny,I4,1500,1050,Sedan,FWD,2018,37.8
V575,Sunny,I4,1500,1050,Sedan,FWD,2022,48.3
V576,Pathfinder,V6,3500,2000,SUV,AWD,2010,17.9
V577,Sunny,I4,1500,1050,Sedan,FWD,2016,42.4
V578,Sunny,I4,1500,1050,Sedan,FWD,2014,47.7
V579,Altima,I4,2500,1450,Sedan,FWD,2017,25.2
V580,Sunny,I4,1500,1050,Sedan,FWD,2016,51.4
V581,Sunny,I4,1500,1050,Sedan,FWD,2022,43.4
V582,Altima,I4,2500,1450,Sedan,FWD,2020,35.8
V583,Pathfinder,V6,3500,2000,SUV,AWD,2013,46.3
V584,Pathfinder,V6,3500,2000,SUV,AWD,2014,62.7
V585,Patrol,V6,4000,2600,SUV,AWD,2010,41.8
V586,Altima,I4,2500,1450,Sedan,FWD,2016,42.5
V587,Altima,I4,2500,1450,Sedan,FWD,2021,35.4
V588,X-Trail,I4,2500,1650,SUV,AWD,2015,31.5
V589,Patrol,V6,4000,2600,SUV,AWD,2014,48.3
V590,X-Trail,I4,2500,1650,SUV,AWD,2010,31.4
V591,Sunny,I4,1500,1050,Sedan,FWD,2008,40.7
V592,Sunny,I4,1500,1050,Sedan,FWD,2011,35.2
V593,Sunny,I4,1500,1050,Sedan,FWD,2015,44.8
V594,Sunny,I4,1500,1050,Sedan,FWD,2011,43.3
V595,Altima,I4,2500,1450,Sedan,FWD,2016,50.4
V596,Sunny,I4,1500,1050,Sedan,FWD,2010,34.9
V597,Patrol,V6,4000,2600,SUV,AWD,2013,37.3
V598,X-Trail,I4,2500,1650,SUV,AWD,2011,30.2
V599,Patrol,V6,4000,2600,SUV,AWD,2011,35.6
V600,Patrol,V6,4000,2600,SUV,AWD,2017,43.8
V601,Pathfinder,V6,3500,2000,SUV,AWD,2016,47.6
V602,Pathfinder,V6,3500,2000,SUV,AWD,2020,30.8
V603,Pathfinder,V6,3500,2000,SUV,AWD,2010,48.7
V604,Patrol,V6,4000,2600,SUV,AWD,2015,53.6
V605,Altima,I4,2500,1450,Sedan,FWD,2020,44.1
V606,Pathfinder,V6,3500,2000,SUV,AWD,2014,58.8
V607,Altima,I4,2500,1450,Sedan,FWD,2012,32.3
V608,Pathfinder,V6,3500,2000,SUV,AWD,2021,27.6
V609,Altima,I4,2500,1450,Sedan,FWD,2008,22.2
V610,Patrol,V6,4000,2600,SUV,AWD,2008,55.0
V611,Patrol,V6,4000,2600,SUV,AWD,2019,46.5
V612,Altima,I4,2500,1450,Sedan,FWD,2021,39.4
V613,Sunny,I4,1500,1050,Sedan,FWD,2011,42.8
V614,Sunny,I4,1500,1050,Sedan,FWD,2019,28.7
V615,Altima,I4,2500,1450,Sedan,FWD,2019,64.5
V616,Altima,I4,2500,1450,Sedan,FWD,2016,41.3
V617,Pathfinder,V6,3500,2000,SUV,AWD,2016,41.1
V618,X-Trail,I4,2500,1650,SUV,AWD,2016,47.3
V619,Pathfinder,V6,3500,2000,SUV,AWD,2020,44.8
V620,X-Trail,I4,2500,1650,SUV,AWD,2013,42.2
V621,Altima,I4,2500,1450,Sedan,FWD,2019,32.1
V622,Patrol,V6,4000,2600,SUV,AWD,2017,44.7
V623,Altima,I4,2500,1450,Sedan,FWD,2013,58.8
V624,Altima,I4,2500,1450,Sedan,FWD,2015,53.5
V625,X-Trail,I4,2500,1650,SUV,AWD,2012,55.9
V626,Pathfinder,V6,3500,2000,SUV,AWD,2015,34.9
V627,Altima,I4,2500,1450,Sedan,FWD,2010,30.1
V628,Patrol,V6,4000,2600,SUV,AWD,2018,38.7
V629,Sunny,I4,1500,1050,Sedan,FWD,2021,40.6
V630,Pathfinder,V6,3500,2000,SUV,AWD,2010,50.9
V631,Altima,I4,2500,1450,Sedan,FWD,2008,23.1
V632,Sunny,I4,1500,1050,Sedan,FWD,2017,55.3
V633,Pathfinder,V6,3500,2000,SUV,AWD,2018,38.4
V634,Patrol,V6,4000,2600,SUV,AWD,2014,35.7
V635,X-Trail,I4,2500,1650,SUV,AWD,2016,29.9
V636,Pathfinder,V6,3500,2000,SUV,AWD,2020,23.5
V637,Sunny,I4,1500,1050,Sedan,FWD,2016,48.2
V638,Patrol,V6,4000,2600,SUV,AWD,2012,40.7
V639,Pathfinder,V6,3500,2000,SUV,AWD,2009,27.1
V640,Patrol,V6,4000,2600,SUV,AWD,2011,27.0
V641,Sunny,I4,1500,1050,Sedan,FWD,2018,36.6
V642,Sunny,I4,1500,1050,Sedan,FWD,2009,56.7
V643,Pathfinder,V6,3500,2000,SUV,AWD,2008,37.4
V644,Sunny,I4,1500,1050,Sedan,FWD,2015,25.0
V645,X-Trail,I4,2500,1650,SUV,AWD,2017,37.5
V646,Patrol,V6,4000,2600,SUV,AWD,2022,37.3
V647,Patrol,V6,4000,2600,SUV,AWD,2015,13.0
V648,X-Trail,I4,2500,1650,SUV,AWD,2022,39.5
V649,Altima,I4,2500,1450,Sedan,FWD,2022,37.7
V650,Altima,I4,2500,1450,Sedan,FWD,2017,47.0
V651,Pathfinder,V6,3500,2000,SUV,AWD,2022,58.5
V652,Altima,I4,2500,1450,Sedan,FWD,2017,51.3
V653,Patrol,V6,4000,2600,SUV,AWD,2013,37.3
V654,Sunny,I4,1500,1050,Sedan,FWD,2016,28.9
V655,Sunny,I4,1500,1050,Sedan,FWD,2014,65.7
V656,Patrol,V6,4000,2600,SUV,AWD,2020,40.6
V657,X-Trail,I4,2500,1650,SUV,AWD,2008,40.1
V658,Pathfinder,V6,3500,2000,SUV,AWD,2015,39.8
V659,Pathfinder,V6,3500,2000,SUV,AWD,2014,42.0
V660,Pathfinder,V6,3500,2000,SUV,AWD,2009,38.6
V661,Altima,I4,2500,1450,Sedan,FWD,2019,34.3
V662,Pathfinder,V6,3500,2000,SUV,AWD,2019,34.5
V663,Pathfinder,V6,3500,2000,SUV,AWD,2013,39.7
V664,X-Trail,I4,2500,1650,SUV,AWD,2015,34.6
V665,Altima,I4,2500,1450,Sedan,FWD,2009,32.9
V666,Patrol,V6,4000,2600,SUV,AWD,2016,41.1
V667,X-Trail,I4,2500,1650,SUV,AWD,2016,37.5
V668,X-Trail,I4,2500,1650,SUV,AWD,2021,55.0
V669,Pathfinder,V6,3500,2000,SUV,AWD,2020,13.5
V670,Altima,I4,2500,1450,Sedan,FWD,2017,50.9
V671,Altima,I4,2500,1450,Sedan,FWD,2010,52.5
V672,Altima,I4,2500,1450,Sedan,FWD,2009,19.3
V673,X-Trail,I4,2500,1650,SUV,AWD,2015,36.6
V674,Altima,I4,2500,1450,Sedan,FWD,2019,36.3
V675,Altima,I4,2500,1450,Sedan,FWD,2015,25.9
V676,Pathfinder,V6,3500,2000,SUV,AWD,2013,32.2
V677,X-Trail,I4,2500,1650,SUV,AWD,2015,28.9
V678,Patrol,V6,4000,2600,SUV,AWD,2010,57.5
V679,Altima,I4,2500,1450,Sedan,FWD,2015,49.4
V680,X-Trail,I4,2500,1650,SUV,AWD,2012,52.7
V681,Patrol,V6,4000,2600,SUV,AWD,2020,47.2
V682,Pathfinder,V6,3500,2000,SUV,AWD,2013,28.7
V683,Patrol,V6,4000,2600,SUV,AWD,2016,34.8
V684,Sunny,I4,1500,1050,Sedan,FWD,2019,44.9
V685,Pathfinder,V6,3500,2000,SUV,AWD,2020,27.8
V686,Pathfinder,V6,3500,2000,SUV,AWD,2018,47.1
V687,Altima,I4,2500,1450,Sedan,FWD,2012,37.6
V688,Pathfinder,V6,3500,2000,SUV,AWD,2009,36.3
V689,Patrol,V6,4000,2600,SUV,AWD,2014,47.1
V690,Pathfinder,V6,3500,2000,SUV,AWD,2016,44.4
V691,Patrol,V6,4000,2600,SUV,AWD,2017,36.4
V692,Altima,I4,2500,1450,Sedan,FWD,2018,51.6
V693,Patrol,V6,4000,2600,SUV,AWD,2008,29.2
V694,Pathfinder,V6,3500,2000,SUV,AWD,2020,46.2
V695,Sunny,I4,1500,1050,Sedan,FWD,2008,45.9
V696,Patrol,V6,4000,2600,SUV,AWD,2016,36.9
V697,Pathfinder,V6,3500,2000,SUV,AWD,2013,43.3
V698,Patrol,V6,4000,2600,SUV,AWD,2019,27.5
V699,Sunny,I4,1500,1050,Sedan,FWD,2015,49.2
V700,Sunny,I4,1500,1050,Sedan,FWD,2009,38.2
V701,X-Trail,I4,2500,1650,SUV,AWD,2012,34.8
V702,Patrol,V6,4000,2600,SUV,AWD,2015,50.5
V703,Pathfinder,V6,3500,2000,SUV,AWD,2013,33.0
V704,Sunny,I4,1500,1050,Sedan,FWD,2008,25.9
V705,Altima,I4,2500,1450,Sedan,FWD,2022,24.4
V706,Altima,I4,2500,1450,Sedan,FWD,2016,46.1
V707,Pathfinder,V6,3500,2000,SUV,AWD,2011,27.2
V708,Altima,I4,2500,1450,Sedan,FWD,2018,57.5
V709,Patrol,V6,4000,2600,SUV,AWD,2022,19.2
V710,Pathfinder,V6,3500,2000,SUV,AWD,2008,57.0
V711,Sunny,I4,1500,1050,Sedan,FWD,2017,42.1
V712,Altima,I4,2500,1450,Sedan,FWD,2013,39.0
V713,X-Trail,I4,2500,1650,SUV,AWD,2018,34.6
V714,X-Trail,I4,2500,1650,SUV,AWD,2017,44.0
V715,Sunny,I4,1500,1050,Sedan,FWD,2013,39.6
V716,Altima,I4,2500,1450,Sedan,FWD,2021,51.0
V717,Patrol,V6,4000,2600,SUV,AWD,2017,41.1
V718,Sunny,I4,1500,1050,Sedan,FWD,2011,41.5
V719,Altima,I4,2500,1450,Sedan,FWD,2016,36.4
V720,Patrol,V6,4000,2600,SUV,AWD,2014,39.4
V721,Patrol,V6,4000,2600,SUV,AWD,2019,43.1
V722,Altima,I4,2500,1450,Sedan,FWD,2016,22.9
V723,Altima,I4,2500,1450,Sedan,FWD,2013,26.5
V724,X-Trail,I4,2500,1650,SUV,AWD,2008,47.4
V725,Pathfinder,V6,3500,2000,SUV,AWD,2016,41.7
V726,Pathfinder,V6,3500,2000,SUV,AWD,2014,38.2
V727,Altima,I4,2500,1450,Sedan,FWD,2009,40.2
V728,Altima,I4,2500,1450,Sedan,FWD,2012,43.5
V729,X-Trail,I4,2500,1650,SUV,AWD,2010,34.6
V730,Pathfinder,V6,3500,2000,SUV,AWD,2016,32.2
V731,X-Trail,I4,2500,1650,SUV,AWD,2020,42.0
V732,Patrol,V6,4000,2600,SUV,AWD,2021,30.2
V733,Pathfinder,V6,3500,2000,SUV,AWD,2016,44.1
V734,Altima,I4,2500,1450,Sedan,FWD,2012,23.0
V735,X-Trail,I4,2500,1650,SUV,AWD,2013,50.3
V736,Sunny,I4,1500,1050,Sedan,FWD,2020,44.7
V737,Patrol,V6,4000,2600,SUV,AWD,2019,42.6
V738,Pathfinder,V6,3500,2000,SUV,AWD,2010,49.8
V739,Altima,I4,2500,1450,Sedan,FWD,2020,56.7
V740,X-Trail,I4,2500,1650,SUV,AWD,2017,50.1
V741,X-Trail,I4,2500,1650,SUV,AWD,2012,21.6
V742,Patrol,V6,4000,2600,SUV,AWD,2022,27.2
V743,Pathfinder,V6,3500,2000,SUV,AWD,2022,33.8
V744,Altima,I4,2500,1450,Sedan,FWD,2019,40.3
V745,X-Trail,I4,2500,1650,SUV,AWD,2021,45.2
V746,Pathfinder,V6,3500,2000,SUV,AWD,2015,32.7
V747,Pathfinder,V6,3500,2000,SUV,AWD,2014,41.9
V748,Sunny,I4,1500,1050,Sedan,FWD,2014,32.4
V749,X-Trail,I4,2500,1650,SUV,AWD,2015,33.9
V750,Sunny,I4,1500,1050,Sedan,FWD,2021,25.9
V751,Pathfinder,V6,3500,2000,SUV,AWD,2018,30.8
V752,Sunny,I4,1500,1050,Sedan,FWD,2020,26.5
V753,Pathfinder,V6,3500,2000,SUV,AWD,2021,30.2
V754,X-Trail,I4,2500,1650,SUV,AWD,2013,50.5
V755,Pathfinder,V6,3500,2000,SUV,AWD,2020,30.5
V756,Sunny,I4,1500,1050,Sedan,FWD,2008,66.3
V757,Pathfinder,V6,3500,2000,SUV,AWD,2008,44.9
V758,Pathfinder,V6,3500,2000,SUV,AWD,2015,41.8
V759,Altima,I4,2500,1450,Sedan,FWD,2019,31.4
V760,X-Trail,I4,2500,1650,SUV,AWD,2010,47.0
V761,Sunny,I4,1500,1050,Sedan,FWD,2018,34.2
V762,Altima,I4,2500,1450,Sedan,FWD,2008,41.2
V763,Altima,I4,2500,1450,Sedan,FWD,2014,65.6
V764,Sunny,I4,1500,1050,Sedan,FWD,2011,39.0
V765,Altima,I4,2500,1450,Sedan,FWD,2016,51.5
V766,X-Trail,I4,2500,1650,SUV,AWD,2021,33.0
V767,Altima,I4,2500,1450,Sedan,FWD,2015,39.7
V768,Sunny,I4,1500,1050,Sedan,FWD,2009,57.7
V769,Altima,I4,2500,1450,Sedan,FWD,2014,33.7
V770,Altima,I4,2500,1450,Sedan,FWD,2018,58.1
V771,Patrol,V6,4000,2600,SUV,AWD,2017,47.1
V772,Pathfinder,V6,3500,2000,SUV,AWD,2013,34.4
V773,Altima,I4,2500,1450,Sedan,FWD,2022,46.3
V774,Altima,I4,2500,1450,Sedan,FWD,2009,49.7
V775,Sunny,I4,1500,1050,Sedan,FWD,2017,46.2
V776,Pathfinder,V6,3500,2000,SUV,AWD,2013,24.3
V777,Sunny,I4,1500,1050,Sedan,FWD,2011,32.7
V778,Patrol,V6,4000,2600,SUV,AWD,2012,37.5
V779,X-Trail,I4,2500,1650,SUV,AWD,2011,39.3
V780,Pathfinder,V6,3500,2000,SUV,AWD,2012,46.2
V781,Altima,I4,2500,1450,Sedan,FWD,2015,41.8
V782,Patrol,V6,4000,2600,SUV,AWD,2009,26.6
V783,X-Trail,I4,2500,1650,SUV,AWD,2022,43.8
V784,Patrol,V6,4000,2600,SUV,AWD,2014,46.1
V785,Pathfinder,V6,3500,2000,SUV,AWD,2020,45.6
V786,Sunny,I4,1500,1050,Sedan,FWD,2012,50.8
V787,Pathfinder,V6,3500,2000,SUV,AWD,2016,48.3
V788,Pathfinder,V6,3500,2000,SUV,AWD,2014,44.6
V789,Patrol,V6,4000,2600,SUV,AWD,2016,39.3
V790,X-Trail,I4,2500,1650,SUV,AWD,2009,23.4
V791,Altima,I4,2500,1450,Sedan,FWD,2016,44.3
V792,Sunny,I4,1500,1050,Sedan,FWD,2012,42.1
V793,Altima,I4,2500,1450,Sedan,FWD,2008,42.7
V794,Sunny,I4,1500,1050,Sedan,FWD,2015,27.2
V795,Altima,I4,2500,1450,Sedan,FWD,2009,29.2
V796,Sunny,I4,1500,1050,Sedan,FWD,2010,50.5
V797,Patrol,V6,4000,2600,SUV,AWD,2020,39.6
V798,X-Trail,I4,2500,1650,SUV,AWD,2010,46.8
V799,Sunny,I4,1500,1050,Sedan,FWD,2020,40.3
V800,Pathfinder,V6,3500,2000,SUV,AWD,2012,40.3
V801,Patrol,V6,4000,2600,SUV,AWD,2018,49.4
V802,X-Trail,I4,2500,1650,SUV,AWD,2008,34.8
V803,X-Trail,I4,2500,1650,SUV,AWD,2010,41.0
V804,Patrol,V6,4000,2600,SUV,AWD,2018,35.4
V805,Patrol,V6,4000,2600,SUV,AWD,2008,35.7
V806,Altima,I4,2500,1450,Sedan,FWD,2008,36.9
V807,Altima,I4,2500,1450,Sedan,FWD,2010,42.2
V808,Patrol,V6,4000,2600,SUV,AWD,2020,35.2
V809,Pathfinder,V6,3500,2000,SUV,AWD,2011,52.6
V810,X-Trail,I4,2500,1650,SUV,AWD,2012,31.1
V811,Sunny,I4,1500,1050,Sedan,FWD,2016,38.1
V812,Altima,I4,2500,1450,Sedan,FWD,2020,35.6
V813,Pathfinder,V6,3500,2000,SUV,AWD,2009,54.5
V814,X-Trail,I4,2500,1650,SUV,AWD,2013,42.0
V815,X-Trail,I4,2500,1650,SUV,AWD,2011,50.3
V816,Patrol,V6,4000,2600,SUV,AWD,2011,25.1
V817,Pathfinder,V6,3500,2000,SUV,AWD,2020,42.7
V818,Patrol,V6,4000,2600,SUV,AWD,2020,48.9
V819,Pathfinder,V6,3500,2000,SUV,AWD,2008,40.8
V820,Sunny,I4,1500,1050,Sedan,FWD,2013,50.7
V821,X-Trail,I4,2500,1650,SUV,AWD,2009,34.8
V822,Pathfinder,V6,3500,2000,SUV,AWD,2015,54.1
V823,Altima,I4,2500,1450,Sedan,FWD,2019,63.0
V824,Altima,I4,2500,1450,Sedan,FWD,2022,36.4
V825,X-Trail,I4,2500,1650,SUV,AWD,2015,35.5
V826,Sunny,I4,1500,1050,Sedan,FWD,2016,54.5
V827,Sunny,I4,1500,1050,Sedan,FWD,2017,55.8
V828,Altima,I4,2500,1450,Sedan,FWD,2011,34.8
V829,Pathfinder,V6,3500,2000,SUV,AWD,2019,35.8
V830,Pathfinder,V6,3500,2000,SUV,AWD,2012,37.2
V831,Altima,I4,2500,1450,Sedan,FWD,2020,26.6
V832,Sunny,I4,1500,1050,Sedan,FWD,2010,30.8
V833,Sunny,I4,1500,1050,Sedan,FWD,2016,30.0
V834,Pathfinder,V6,3500,2000,SUV,AWD,2012,32.3
V835,Sunny,I4,1500,1050,Sedan,FWD,2010,39.7
V836,Patrol,V6,4000,2600,SUV,AWD,2008,42.3
V837,Altima,I4,2500,1450,Sedan,FWD,2009,55.5
V838,Pathfinder,V6,3500,2000,SUV,AWD,2016,30.0
V839,Altima,I4,2500,1450,Sedan,FWD,2008,49.8
V840,Patrol,V6,4000,2600,SUV,AWD,2019,37.9
V841,Sunny,I4,1500,1050,Sedan,FWD,2020,39.5
V842,Sunny,I4,1500,1050,Sedan,FWD,2021,46.7
V843,Altima,I4,2500,1450,Sedan,FWD,2021,28.8
V844,Sunny,I4,1500,1050,Sedan,FWD,2017,43.8
V845,Sunny,I4,1500,1050,Sedan,FWD,2008,41.7
V846,Pathfinder,V6,3500,2000,SUV,AWD,2020,44.9
V847,X-Trail,I4,2500,1650,SUV,AWD,2009,42.9
V848,Altima,I4,2500,1450,Sedan,FWD,2022,64.6
V849,Pathfinder,V6,3500,2000,SUV,AWD,2015,33.6
V850,Altima,I4,2500,1450,Sedan,FWD,2013,34.7
V851,X-Trail,I4,2500,1650,SUV,AWD,2015,33.8
V852,Patrol,V6,4000,2600,SUV,AWD,2017,34.4
V853,Pathfinder,V6,3500,2000,SUV,AWD,2022,33.6
V854,X-Trail,I4,2500,1650,SUV,AWD,2014,51.9
V855,Patrol,V6,4000,2600,SUV,AWD,2011,54.2
V856,Sunny,I4,1500,1050,Sedan,FWD,2014,34.3
V857,Patrol,V6,4000,2600,SUV,AWD,2020,31.7
V858,Patrol,V6,4000,2600,SUV,AWD,2013,44.7
V859,X-Trail,I4,2500,1650,SUV,AWD,2017,34.5
V860,X-Trail,I4,2500,1650,SUV,AWD,2008,46.3
V861,X-Trail,I4,2500,1650,SUV,AWD,2020,42.0
V862,Altima,I4,2500,1450,Sedan,FWD,2009,24.8
V863,Patrol,V6,4000,2600,SUV,AWD,2021,55.5
V864,Altima,I4,2500,1450,Sedan,FWD,2017,58.0
V865,X-Trail,I4,2500,1650,SUV,AWD,2022,33.9
V866,Altima,I4,2500,1450,Sedan,FWD,2011,36.1
V867,X-Trail,I4,2500,1650,SUV,AWD,2022,42.9
V868,X-Trail,I4,2500,1650,SUV,AWD,2017,43.3
V869,Altima,I4,2500,1450,Sedan,FWD,2021,46.6
V870,Pathfinder,V6,3500,2000,SUV,AWD,2016,60.1
V871,Sunny,I4,1500,1050,Sedan,FWD,2008,38.2
V872,Patrol,V6,4000,2600,SUV,AWD,2015,32.0
V873,Altima,I4,2500,1450,Sedan,FWD,2020,26.2
V874,X-Trail,I4,2500,1650,SUV,AWD,2008,32.7
V875,Altima,I4,2500,1450,Sedan,FWD,2020,39.7
V876,X-Trail,I4,2500,1650,SUV,AWD,2009,57.9
V877,Pathfinder,V6,3500,2000,SUV,AWD,2017,34.8
V878,Altima,I4,2500,1450,Sedan,FWD,2010,42.2
V879,Pathfinder,V6,3500,2000,SUV,AWD,2018,39.8
V880,Patrol,V6,4000,2600,SUV,AWD,2019,51.9
V881,X-Trail,I4,2500,1650,SUV,AWD,2011,65.3
V882,Pathfinder,V6,3500,2000,SUV,AWD,2012,34.7
V883,Altima,I4,2500,1450,Sedan,FWD,2019,35.1
V884,Patrol,V6,4000,2600,SUV,AWD,2014,50.4
V885,Patrol,V6,4000,2600,SUV,AWD,2008,46.8
V886,Patrol,V6,4000,2600,SUV,AWD,2011,58.5
V887,Pathfinder,V6,3500,2000,SUV,AWD,2010,45.8
V888,X-Trail,I4,2500,1650,SUV,AWD,2013,36.4
V889,Sunny,I4,1500,1050,Sedan,FWD,2021,45.9
V890,X-Trail,I4,2500,1650,SUV,AWD,2015,51.1
V891,Sunny,I4,1500,1050,Sedan,FWD,2013,48.2
V892,Sunny,I4,1500,1050,Sedan,FWD,2008,45.1
V893,Altima,I4,2500,1450,Sedan,FWD,2022,50.7
V894,X-Trail,I4,2500,1650,SUV,AWD,2016,51.7
V895,Patrol,V6,4000,2600,SUV,AWD,2018,53.8
V896,Pathfinder,V6,3500,2000,SUV,AWD,2009,46.5
V897,Sunny,I4,1500,1050,Sedan,FWD,2013,38.3
V898,X-Trail,I4,2500,1650,SUV,AWD,2010,41.5
V899,Sunny,I4,1500,1050,Sedan,FWD,2016,52.1
V900,X-Trail,I4,2500,1650,SUV,AWD,2017,31.8
V901,Sunny,I4,1500,1050,Sedan,FWD,2014,43.7
V902,Pathfinder,V6,3500,2000,SUV,AWD,2010,36.1
V903,Altima,I4,2500,1450,Sedan,FWD,2014,40.3
V904,Patrol,V6,4000,2600,SUV,AWD,2012,52.8
V905,Sunny,I4,1500,1050,Sedan,FWD,2008,41.9
V906,Pathfinder,V6,3500,2000,SUV,AWD,2010,40.5
V907,Sunny,I4,1500,1050,Sedan,FWD,2012,26.4
V908,Pathfinder,V6,3500,2000,SUV,AWD,2011,47.5
V909,X-Trail,I4,2500,1650,SUV,AWD,2009,46.5
V910,Pathfinder,V6,3500,2000,SUV,AWD,2015,61.6
V911,Sunny,I4,1500,1050,Sedan,FWD,2018,36.9
V912,Pathfinder,V6,3500,2000,SUV,AWD,2013,42.2
V913,Pathfinder,V6,3500,2000,SUV,AWD,2015,42.5
V914,Patrol,V6,4000,2600,SUV,AWD,2008,55.8
V915,Sunny,I4,1500,1050,Sedan,FWD,2009,39.0
V916,Pathfinder,V6,3500,2000,SUV,AWD,2020,42.8
V917,Pathfinder,V6,3500,2000,SUV,AWD,2021,46.1
V918,Pathfinder,V6,3500,2000,SUV,AWD,2017,41.9
V919,Sunny,I4,1500,1050,Sedan,FWD,2014,35.5
V920,Patrol,V6,4000,2600,SUV,AWD,2017,41.9
V921,Patrol,V6,4000,2600,SUV,AWD,2010,50.7
V922,Altima,I4,2500,1450,Sedan,FWD,2010,29.7
V923,Altima,I4,2500,1450,Sedan,FWD,2008,41.3
V924,Pathfinder,V6,3500,2000,SUV,AWD,2011,33.0
V925,Patrol,V6,4000,2600,SUV,AWD,2012,52.0
V926,Sunny,I4,1500,1050,Sedan,FWD,2009,24.8
V927,X-Trail,I4,2500,1650,SUV,AWD,2021,34.4
V928,Sunny,I4,1500,1050,Sedan,FWD,2020,43.8
V929,Pathfinder,V6,3500,2000,SUV,AWD,2009,55.7
V930,Patrol,V6,4000,2600,SUV,AWD,2017,39.3
V931,Sunny,I4,1500,1050,Sedan,FWD,2017,34.4
V932,Patrol,V6,4000,2600,SUV,AWD,2022,58.8
V933,Pathfinder,V6,3500,2000,SUV,AWD,2018,25.5
V934,Sunny,I4,1500,1050,Sedan,FWD,2010,18.0
V935,Patrol,V6,4000,2600,SUV,AWD,2018,44.4
V936,X-Trail,I4,2500,1650,SUV,AWD,2019,35.0
V937,X-Trail,I4,2500,1650,SUV,AWD,2022,29.8
V938,X-Trail,I4,2500,1650,SUV,AWD,2012,47.1
V939,Sunny,I4,1500,1050,Sedan,FWD,2021,42.4
V940,Pathfinder,V6,3500,2000,SUV,AWD,2020,34.4
V941,Pathfinder,V6,3500,2000,SUV,AWD,2017,27.2
V942,Altima,I4,2500,1450,Sedan,FWD,2022,48.7
V943,Patrol,V6,4000,2600,SUV,AWD,2021,46.5
V944,Altima,I4,2500,1450,Sedan,FWD,2009,39.0
V945,Altima,I4,2500,1450,Sedan,FWD,2020,58.5
V946,Sunny,I4,1500,1050,Sedan,FWD,2010,29.3
V947,Sunny,I4,1500,1050,Sedan,FWD,2011,24.7
V948,X-Trail,I4,2500,1650,SUV,AWD,2019,33.1
V949,Pathfinder,V6,3500,2000,SUV,AWD,2016,39.5
V950,Sunny,I4,1500,1050,Sedan,FWD,2011,42.4
V951,Altima,I4,2500,1450,Sedan,FWD,2021,37.6
V952,X-Trail,I4,2500,1650,SUV,AWD,2010,43.5
V953,Sunny,I4,1500,1050,Sedan,FWD,2012,27.5
V954,Patrol,V6,4000,2600,SUV,AWD,2020,54.4
V955,Altima,I4,2500,1450,Sedan,FWD,2018,39.2
V956,Patrol,V6,4000,2600,SUV,AWD,2008,51.2
V957,Sunny,I4,1500,1050,Sedan,FWD,2015,43.4
V958,Patrol,V6,4000,2600,SUV,AWD,2020,44.6
V959,X-Trail,I4,2500,1650,SUV,AWD,2019,45.7
V960,Pathfinder,V6,3500,2000,SUV,AWD,2022,44.5
V961,X-Trail,I4,2500,1650,SUV,AWD,2011,46.4
V962,Patrol,V6,4000,2600,SUV,AWD,2014,53.3
V963,X-Trail,I4,2500,1650,SUV,AWD,2016,42.0
V964,X-Trail,I4,2500,1650,SUV,AWD,2018,47.1
V965,X-Trail,I4,2500,1650,SUV,AWD,2018,39.1
V966,X-Trail,I4,2500,1650,SUV,AWD,2011,54.4
V967,Sunny,I4,1500,1050,Sedan,FWD,2020,33.2
V968,Pathfinder,V6,3500,2000,SUV,AWD,2018,58.0
V969,Sunny,I4,1500,1050,Sedan,FWD,2018,39.6
V970,Pathfinder,V6,3500,2000,SUV,AWD,2014,25.7
V971,Patrol,V6,4000,2600,SUV,AWD,2021,41.3
V972,Altima,I4,2500,1450,Sedan,FWD,2018,33.2
V973,X-Trail,I4,2500,1650,SUV,AWD,2016,48.4
V974,Patrol,V6,4000,2600,SUV,AWD,2010,33.5
V975,X-Trail,I4,2500,1650,SUV,AWD,2019,35.5
V976,Altima,I4,2500,1450,Sedan,FWD,2018,21.1
V977,Altima,I4,2500,1450,Sedan,FWD,2013,35.5
V978,Pathfinder,V6,3500,2000,SUV,AWD,2020,15.8
V979,Patrol,V6,4000,2600,SUV,AWD,2012,24.2
V980,Sunny,I4,1500,1050,Sedan,FWD,2021,47.6
V981,Patrol,V6,4000,2600,SUV,AWD,2009,47.9
V982,Sunny,I4,1500,1050,Sedan,FWD,2021,44.3
V983,Pathfinder,V6,3500,2000,SUV,AWD,2008,30.3
V984,Altima,I4,2500,1450,Sedan,FWD,2013,39.5
V985,Pathfinder,V6,3500,2000,SUV,AWD,2010,40.0
V986,Sunny,I4,1500,1050,Sedan,FWD,2015,28.4
V987,X-Trail,I4,2500,1650,SUV,AWD,2018,55.0
V988,Altima,I4,2500,1450,Sedan,FWD,2020,48.8
V989,Altima,I4,2500,1450,Sedan,FWD,2015,37.8
V990,Altima,I4,2500,1450,Sedan,FWD,2017,40.3
V991,Pathfinder,V6,3500,2000,SUV,AWD,2015,42.1
V992,Altima,I4,2500,1450,Sedan,FWD,2019,19.6
V993,X-Trail,I4,2500,1650,SUV,AWD,2020,37.5
V994,Sunny,I4,1500,1050,Sedan,FWD,2018,33.2
V995,X-Trail,I4,2500,1650,SUV,AWD,2012,30.0
V996,Patrol,V6,4000,2600,SUV,AWD,2012,37.2
V997,X-Trail,I4,2500,1650,SUV,AWD,2012,58.0
V998,Patrol,V6,4000,2600,SUV,AWD,2013,46.4
V999,Altima,I4,2500,1450,Sedan,FWD,2013,34.3
V1000,Altima,I4,2500,1450,Sedan,FWD,2010,45.7
V1001,Pathfinder,V6,3500,2000,SUV,AWD,2008,54.0
V1002,Altima,I4,2500,1450,Sedan,FWD,2011,49.2
V1003,Altima,I4,2500,1450,Sedan,FWD,2009,40.6
V1004,Sunny,I4,1500,1050,Sedan,FWD,2014,33.5
V1005,Patrol,V6,4000,2600,SUV,AWD,2017,47.0
V1006,Sunny,I4,1500,1050,Sedan,FWD,2018,43.9
V1007,Sunny,I4,1500,1050,Sedan,FWD,2014,49.0
V1008,X-Trail,I4,2500,1650,SUV,AWD,2015,46.4
V1009,Sunny,I4,1500,1050,Sedan,FWD,2012,50.5
V1010,Patrol,V6,4000,2600,SUV,AWD,2012,34.6
V1011,Pathfinder,V6,3500,2000,SUV,AWD,2021,53.2
V1012,Patrol,V6,4000,2600,SUV,AWD,2009,42.0
V1013,Pathfinder,V6,3500,2000,SUV,AWD,2011,60.8
V1014,Patrol,V6,4000,2600,SUV,AWD,2011,33.1
V1015,Altima,I4,2500,1450,Sedan,FWD,2008,57.4
V1016,Pathfinder,V6,3500,2000,SUV,AWD,2013,42.0
V1017,Sunny,I4,1500,1050,Sedan,FWD,2022,33.5
V1018,Pathfinder,V6,3500,2000,SUV,AWD,2010,35.2
V1019,Sunny,I4,1500,1050,Sedan,FWD,2019,36.8
V1020,Altima,I4,2500,1450,Sedan,FWD,2015,44.2
V1021,Pathfinder,V6,3500,2000,SUV,AWD,2008,45.2
V1022,Sunny,I4,1500,1050,Sedan,FWD,2021,34.3
V1023,X-Trail,I4,2500,1650,SUV,AWD,2014,39.8
V1024,Sunny,I4,1500,1050,Sedan,FWD,2008,61.4
V1025,Altima,I4,2500,1450,Sedan,FWD,2013,57.3
V1026,Patrol,V6,4000,2600,SUV,AWD,2012,44.4
V1027,X-Trail,I4,2500,1650,SUV,AWD,2010,40.4
V1028,Pathfinder,V6,3500,2000,SUV,AWD,2012,41.2
V1029,Pathfinder,V6,3500,2000,SUV,AWD,2020,46.1
V1030,Altima,I4,2500,1450,Sedan,FWD,2009,29.8
V1031,Altima,I4,2500,1450,Sedan,FWD,2009,37.4
V1032,Patrol,V6,4000,2600,SUV,AWD,2018,23.3
V1033,X-Trail,I4,2500,1650,SUV,AWD,2017,44.0
V1034,Altima,I4,2500,1450,Sedan,FWD,2015,46.5
V1035,Pathfinder,V6,3500,2000,SUV,AWD,2015,35.2
V1036,X-Trail,I4,2500,1650,SUV,AWD,2008,55.7
V1037,Patrol,V6,4000,2600,SUV,AWD,2019,27.7
V1038,X-Trail,I4,2500,1650,SUV,AWD,2016,25.4
V1039,Sunny,I4,1500,1050,Sedan,FWD,2014,42.2
V1040,X-Trail,I4,2500,1650,SUV,AWD,2018,50.5
V1041,Patrol,V6,4000,2600,SUV,AWD,2022,56.8
V1042,Altima,I4,2500,1450,Sedan,FWD,2016,35.4
V1043,Altima,I4,2500,1450,Sedan,FWD,2009,50.8
V1044,X-Trail,I4,2500,1650,SUV,AWD,2012,39.6
V1045,Pathfinder,V6,3500,2000,SUV,AWD,2014,38.3
V1046,Pathfinder,V6,3500,2000,SUV,AWD,2020,48.8
V1047,Pathfinder,V6,3500,2000,SUV,AWD,2015,46.5
V1048,Sunny,I4,1500,1050,Sedan,FWD,2009,24.2
V1049,Patrol,V6,4000,2600,SUV,AWD,2008,54.8
V1050,Patrol,V6,4000,2600,SUV,AWD,2018,53.8
V1051,Altima,I4,2500,1450,Sedan,FWD,2018,33.7
V1052,X-Trail,I4,2500,1650,SUV,AWD,2021,44.0
V1053,Pathfinder,V6,3500,2000,SUV,AWD,2013,44.9
V1054,Pathfinder,V6,3500,2000,SUV,AWD,2019,42.6
V1055,Sunny,I4,1500,1050,Sedan,FWD,2009,34.5
V1056,X-Trail,I4,2500,1650,SUV,AWD,2013,33.3
V1057,X-Trail,I4,2500,1650,SUV,AWD,2016,39.7
V1058,Sunny,I4,1500,1050,Sedan,FWD,2022,51.7
V1059,Pathfinder,V6,3500,2000,SUV,AWD,2009,45.4
V1060,Sunny,I4,1500,1050,Sedan,FWD,2022,36.3
V1061,Altima,I4,2500,1450,Sedan,FWD,2019,47.7
V1062,Sunny,I4,1500,1050,Sedan,FWD,2022,11.5
V1063,Sunny,I4,1500,1050,Sedan,FWD,2020,51.5
V1064,Patrol,V6,4000,2600,SUV,AWD,2016,22.6
V1065,Patrol,V6,4000,2600,SUV,AWD,2019,36.4
V1066,Patrol,V6,4000,2600,SUV,AWD,2015,28.8
V1067,Altima,I4,2500,1450,Sedan,FWD,2019,27.1
V1068,Altima,I4,2500,1450,Sedan,FWD,2009,51.6
V1069,X-Trail,I4,2500,1650,SUV,AWD,2016,35.3
V1070,Patrol,V6,4000,2600,SUV,AWD,2022,43.5
V1071,Pathfinder,V6,3500,2000,SUV,AWD,2013,39.5
V1072,Altima,I4,2500,1450,Sedan,FWD,2010,44.8
V1073,Patrol,V6,4000,2600,SUV,AWD,2012,40.8
V1074,X-Trail,I4,2500,1650,SUV,AWD,2019,27.2
V1075,Altima,I4,2500,1450,Sedan,FWD,2011,50.0
V1076,X-Trail,I4,2500,1650,SUV,AWD,2022,35.1
V1077,Altima,I4,2500,1450,Sedan,FWD,2016,24.4
V1078,Sunny,I4,1500,1050,Sedan,FWD,2020,35.7
V1079,Patrol,V6,4000,2600,SUV,AWD,2018,55.0
V1080,Patrol,V6,4000,2600,SUV,AWD,2012,48.5
V1081,Sunny,I4,1500,1050,Sedan,FWD,2016,36.5
V1082,Sunny,I4,1500,1050,Sedan,FWD,2018,36.5
V1083,Altima,I4,2500,1450,Sedan,FWD,2012,36.8
V1084,Sunny,I4,1500,1050,Sedan,FWD,2019,60.8
V1085,Patrol,V6,4000,2600,SUV,AWD,2008,43.8
V1086,Patrol,V6,4000,2600,SUV,AWD,2021,44.3
V1087,Altima,I4,2500,1450,Sedan,FWD,2019,50.3
V1088,Patrol,V6,4000,2600,SUV,AWD,2020,42.4
V1089,Sunny,I4,1500,1050,Sedan,FWD,2022,37.4
V1090,X-Trail,I4,2500,1650,SUV,AWD,2016,38.0
V1091,Altima,I4,2500,1450,Sedan,FWD,2017,39.3
V1092,Pathfinder,V6,3500,2000,SUV,AWD,2021,39.6
V1093,X-Trail,I4,2500,1650,SUV,AWD,2020,47.3
V1094,Altima,I4,2500,1450,Sedan,FWD,2020,40.5
V1095,Pathfinder,V6,3500,2000,SUV,AWD,2010,47.3
V1096,Altima,I4,2500,1450,Sedan,FWD,2019,39.2
V1097,Pathfinder,V6,3500,2000,SUV,AWD,2012,40.8
V1098,Patrol,V6,4000,2600,SUV,AWD,2021,20.0
V1099,Altima,I4,2500,1450,Sedan,FWD,2008,49.2
V1100,Sunny,I4,1500,1050,Sedan,FWD,2020,43.5
V1101,X-Trail,I4,2500,1650,SUV,AWD,2015,50.0
V1102,Sunny,I4,1500,1050,Sedan,FWD,2020,11.0
V1103,Altima,I4,2500,1450,Sedan,FWD,2016,60.9
V1104,Pathfinder,V6,3500,2000,SUV,AWD,2016,38.6
V1105,Altima,I4,2500,1450,Sedan,FWD,2022,51.1
V1106,X-Trail,I4,2500,1650,SUV,AWD,2012,29.6
V1107,Patrol,V6,4000,2600,SUV,AWD,2015,46.1
V1108,Sunny,I4,1500,1050,Sedan,FWD,2009,29.5
V1109,Patrol,V6,4000,2600,SUV,AWD,2022,33.8
V1110,X-Trail,I4,2500,1650,SUV,AWD,2014,59.1
V1111,Pathfinder,V6,3500,2000,SUV,AWD,2012,38.1
V1112,Patrol,V6,4000,2600,SUV,AWD,2021,42.2
V1113,Patrol,V6,4000,2600,SUV,AWD,2015,48.7
V1114,Altima,I4,2500,1450,Sedan,FWD,2013,45.0
V1115,Altima,I4,2500,1450,Sedan,FWD,2020,41.5
V1116,Sunny,I4,1500,1050,Sedan,FWD,2011,43.6
V1117,Pathfinder,V6,3500,2000,SUV,AWD,2021,64.0
V1118,Pathfinder,V6,3500,2000,SUV,AWD,2018,39.4
V1119,Altima,I4,2500,1450,Sedan,FWD,2008,42.0
V1120,Sunny,I4,1500,1050,Sedan,FWD,2009,50.5
V1121,Patrol,V6,4000,2600,SUV,AWD,2009,51.1
V1122,X-Trail,I4,2500,1650,SUV,AWD,2014,51.9
V1123,Pathfinder,V6,3500,2000,SUV,AWD,2013,46.4
V1124,Patrol,V6,4000,2600,SUV,AWD,2008,28.6
V1125,Patrol,V6,4000,2600,SUV,AWD,2008,56.3
V1126,Patrol,V6,4000,2600,SUV,AWD,2009,28.5
V1127,Patrol,V6,4000,2600,SUV,AWD,2009,43.0
V1128,Pathfinder,V6,3500,2000,SUV,AWD,2014,32.5
V1129,Altima,I4,2500,1450,Sedan,FWD,2016,39.4
V1130,Patrol,V6,4000,2600,SUV,AWD,2012,43.3
V1131,X-Trail,I4,2500,1650,SUV,AWD,2008,43.2
V1132,Sunny,I4,1500,1050,Sedan,FWD,2008,44.2
V1133,Patrol,V6,4000,2600,SUV,AWD,2016,56.1
V1134,X-Trail,I4,2500,1650,SUV,AWD,2011,44.5
V1135,Patrol,V6,4000,2600,SUV,AWD,2010,37.6
V1136,X-Trail,I4,2500,1650,SUV,AWD,2011,49.6
V1137,Patrol,V6,4000,2600,SUV,AWD,2021,51.9
V1138,Patrol,V6,4000,2600,SUV,AWD,2015,27.7
V1139,Sunny,I4,1500,1050,Sedan,FWD,2012,46.0
V1140,Pathfinder,V6,3500,2000,SUV,AWD,2013,47.0
V1141,Altima,I4,2500,1450,Sedan,FWD,2009,37.0
V1142,Altima,I4,2500,1450,Sedan,FWD,2013,53.8
V1143,X-Trail,I4,2500,1650,SUV,AWD,2019,38.5
V1144,X-Trail,I4,2500,1650,SUV,AWD,2020,41.3
V1145,Sunny,I4,1500,1050,Sedan,FWD,2013,38.3
V1146,Pathfinder,V6,3500,2000,SUV,AWD,2012,40.2
V1147,X-Trail,I4,2500,1650,SUV,AWD,2022,29.0
V1148,X-Trail,I4,2500,1650,SUV,AWD,2015,25.6
V1149,Patrol,V6,4000,2600,SUV,AWD,2009,55.9
V1150,Altima,I4,2500,1450,Sedan,FWD,2022,31.5
V1151,Sunny,I4,1500,1050,Sedan,FWD,2019,30.1
V1152,Patrol,V6,4000,2600,SUV,AWD,2018,18.5
V1153,Pathfinder,V6,3500,2000,SUV,AWD,2020,33.6
V1154,Patrol,V6,4000,2600,SUV,AWD,2012,26.8
V1155,Pathfinder,V6,3500,2000,SUV,AWD,2018,56.4
V1156,Altima,I4,2500,1450,Sedan,FWD,2022,50.1
V1157,X-Trail,I4,2500,1650,SUV,AWD,2010,33.1
V1158,Pathfinder,V6,3500,2000,SUV,AWD,2013,62.5
V1159,Patrol,V6,4000,2600,SUV,AWD,2018,49.8
V1160,Pathfinder,V6,3500,2000,SUV,AWD,2010,36.8
V1161,Altima,I4,2500,1450,Sedan,FWD,2019,15.0
V1162,Sunny,I4,1500,1050,Sedan,FWD,2011,62.9
V1163,X-Trail,I4,2500,1650,SUV,AWD,2013,26.1
V1164,Patrol,V6,4000,2600,SUV,AWD,2022,23.5
V1165,Pathfinder,V6,3500,2000,SUV,AWD,2022,50.2
V1166,X-Trail,I4,2500,1650,SUV,AWD,2009,64.4
V1167,X-Trail,I4,2500,1650,SUV,AWD,2021,53.8
V1168,Patrol,V6,4000,2600,SUV,AWD,2010,45.6
V1169,Patrol,V6,4000,2600,SUV,AWD,2018,45.9
V1170,X-Trail,I4,2500,1650,SUV,AWD,2014,48.5
V1171,Pathfinder,V6,3500,2000,SUV,AWD,2013,47.6
V1172,Pathfinder,V6,3500,2000,SUV,AWD,2022,42.8
V1173,Altima,I4,2500,1450,Sedan,FWD,2015,41.0
V1174,X-Trail,I4,2500,1650,SUV,AWD,2011,39.4
V1175,Patrol,V6,4000,2600,SUV,AWD,2019,32.5
V1176,Pathfinder,V6,3500,2000,SUV,AWD,2020,37.2
V1177,Pathfinder,V6,3500,2000,SUV,AWD,2015,23.1
V1178,Pathfinder,V6,3500,2000,SUV,AWD,2008,39.0
V1179,Patrol,V6,4000,2600,SUV,AWD,2010,30.1
V1180,Patrol,V6,4000,2600,SUV,AWD,2010,29.0
V1181,Altima,I4,2500,1450,Sedan,FWD,2016,41.8
V1182,Patrol,V6,4000,2600,SUV,AWD,2018,53.9
V1183,X-Trail,I4,2500,1650,SUV,AWD,2009,49.2
V1184,Pathfinder,V6,3500,2000,SUV,AWD,2021,24.3
V1185,Pathfinder,V6,3500,2000,SUV,AWD,2017,30.1
V1186,Altima,I4,2500,1450,Sedan,FWD,2017,49.4
V1187,X-Trail,I4,2500,1650,SUV,AWD,2022,30.2
V1188,Altima,I4,2500,1450,Sedan,FWD,2014,37.8
V1189,Altima,I4,2500,1450,Sedan,FWD,2016,45.5
V1190,Pathfinder,V6,3500,2000,SUV,AWD,2021,30.3
V1191,Pathfinder,V6,3500,2000,SUV,AWD,2022,41.1
V1192,Patrol,V6,4000,2600,SUV,AWD,2016,26.7
V1193,Altima,I4,2500,1450,Sedan,FWD,2022,34.0
V1194,Pathfinder,V6,3500,2000,SUV,AWD,2016,43.2
V1195,Patrol,V6,4000,2600,SUV,AWD,2014,24.1
V1196,Pathfinder,V6,3500,2000,SUV,AWD,2013,44.4
V1197,Patrol,V6,4000,2600,SUV,AWD,2009,39.8
V1198,Altima,I4,2500,1450,Sedan,FWD,2022,45.5
V1199,Patrol,V6,4000,2600,SUV,AWD,2014,42.2
V1200,Sunny,I4,1500,1050,Sedan,FWD,2017,53.6
V1201,Pathfinder,V6,3500,2000,SUV,AWD,2018,41.3
V1202,Pathfinder,V6,3500,2000,SUV,AWD,2013,35.7
V1203,Patrol,V6,4000,2600,SUV,AWD,2012,41.2
V1204,Patrol,V6,4000,2600,SUV,AWD,2013,45.4
V1205,Pathfinder,V6,3500,2000,SUV,AWD,2020,40.5
V1206,Patrol,V6,4000,2600,SUV,AWD,2015,40.4
V1207,Pathfinder,V6,3500,2000,SUV,AWD,2012,33.0
V1208,Pathfinder,V6,3500,2000,SUV,AWD,2019,33.4
V1209,Sunny,I4,1500,1050,Sedan,FWD,2019,26.0
V1210,Altima,I4,2500,1450,Sedan,FWD,2009,57.5
V1211,X-Trail,I4,2500,1650,SUV,AWD,2020,27.6
V1212,Sunny,I4,1500,1050,Sedan,FWD,2010,33.1
V1213,Sunny,I4,1500,1050,Sedan,FWD,2021,32.8
V1214,Pathfinder,V6,3500,2000,SUV,AWD,2009,48.9
V1215,Sunny,I4,1500,1050,Sedan,FWD,2017,37.1
V1216,Pathfinder,V6,3500,2000,SUV,AWD,2017,52.5
V1217,Patrol,V6,4000,2600,SUV,AWD,2008,33.3
V1218,Pathfinder,V6,3500,2000,SUV,AWD,2015,42.8
V1219,Patrol,V6,4000,2600,SUV,AWD,2012,31.6
V1220,Patrol,V6,4000,2600,SUV,AWD,2016,61.5
V1221,Sunny,I4,1500,1050,Sedan,FWD,2013,28.1
V1222,Altima,I4,2500,1450,Sedan,FWD,2009,43.1
V1223,X-Trail,I4,2500,1650,SUV,AWD,2018,46.3
V1224,Patrol,V6,4000,2600,SUV,AWD,2008,44.1
V1225,Sunny,I4,1500,1050,Sedan,FWD,2016,38.1
V1226,Patrol,V6,4000,2600,SUV,AWD,2013,38.7
V1227,Altima,I4,2500,1450,Sedan,FWD,2017,40.4
V1228,Pathfinder,V6,3500,2000,SUV,AWD,2017,38.5
V1229,Patrol,V6,4000,2600,SUV,AWD,2009,49.6
V1230,X-Trail,I4,2500,1650,SUV,AWD,2009,62.1
V1231,Patrol,V6,4000,2600,SUV,AWD,2021,34.4
V1232,Pathfinder,V6,3500,2000,SUV,AWD,2014,26.3
V1233,X-Trail,I4,2500,1650,SUV,AWD,2020,39.1
V1234,Patrol,V6,4000,2600,SUV,AWD,2021,65.8
V1235,Sunny,I4,1500,1050,Sedan,FWD,2014,32.0
V1236,Altima,I4,2500,1450,Sedan,FWD,2020,56.4
V1237,Patrol,V6,4000,2600,SUV,AWD,2016,56.8
V1238,Altima,I4,2500,1450,Sedan,FWD,2012,34.5
V1239,X-Trail,I4,2500,1650,SUV,AWD,2009,45.7
V1240,X-Trail,I4,2500,1650,SUV,AWD,2013,56.3
V1241,Altima,I4,2500,1450,Sedan,FWD,2019,36.2
V1242,Pathfinder,V6,3500,2000,SUV,AWD,2019,38.0
V1243,X-Trail,I4,2500,1650,SUV,AWD,2011,34.2
V1244,Patrol,V6,4000,2600,SUV,AWD,2013,29.9
V1245,Sunny,I4,1500,1050,Sedan,FWD,2018,33.5
V1246,Sunny,I4,1500,1050,Sedan,FWD,2020,27.8
V1247,Pathfinder,V6,3500,2000,SUV,AWD,2013,40.3
V1248,Patrol,V6,4000,2600,SUV,AWD,2021,32.3
V1249,Patrol,V6,4000,2600,SUV,AWD,2012,42.3
V1250,Altima,I4,2500,1450,Sedan,FWD,2008,24.4
V1251,Patrol,V6,4000,2600,SUV,AWD,2008,43.3
V1252,Altima,I4,2500,1450,Sedan,FWD,2015,48.3
V1253,Pathfinder,V6,3500,2000,SUV,AWD,2013,20.1
V1254,Altima,I4,2500,1450,Sedan,FWD,2014,43.7
V1255,Patrol,V6,4000,2600,SUV,AWD,2021,52.3
V1256,Altima,I4,2500,1450,Sedan,FWD,2012,27.9
V1257,X-Trail,I4,2500,1650,SUV,AWD,2010,56.7
V1258,X-Trail,I4,2500,1650,SUV,AWD,2013,44.2
V1259,Altima,I4,2500,1450,Sedan,FWD,2017,32.9
V1260,Altima,I4,2500,1450,Sedan,FWD,2021,39.4
V1261,Altima,I4,2500,1450,Sedan,FWD,2016,45.6
V1262,Altima,I4,2500,1450,Sedan,FWD,2020,40.8
V1263,Sunny,I4,1500,1050,Sedan,FWD,2010,45.4
V1264,Patrol,V6,4000,2600,SUV,AWD,2016,30.8
V1265,X-Trail,I4,2500,1650,SUV,AWD,2012,41.7
V1266,Pathfinder,V6,3500,2000,SUV,AWD,2009,25.9
V1267,X-Trail,I4,2500,1650,SUV,AWD,2015,38.9
V1268,X-Trail,I4,2500,1650,SUV,AWD,2012,31.0
V1269,X-Trail,I4,2500,1650,SUV,AWD,2013,32.6
V1270,Patrol,V6,4000,2600,SUV,AWD,2011,52.4
V1271,Patrol,V6,4000,2600,SUV,AWD,2010,50.9
V1272,X-Trail,I4,2500,1650,SUV,AWD,2018,46.1
V1273,Pathfinder,V6,3500,2000,SUV,AWD,2022,29.1
V1274,Pathfinder,V6,3500,2000,SUV,AWD,2018,36.8
V1275,X-Trail,I4,2500,1650,SUV,AWD,2014,52.1
V1276,Sunny,I4,1500,1050,Sedan,FWD,2009,41.4
V1277,X-Trail,I4,2500,1650,SUV,AWD,2018,63.2
V1278,Pathfinder,V6,3500,2000,SUV,AWD,2012,43.9
V1279,X-Trail,I4,2500,1650,SUV,AWD,2019,41.9
V1280,Pathfinder,V6,3500,2000,SUV,AWD,2010,36.9
V1281,Altima,I4,2500,1450,Sedan,FWD,2018,41.3
V1282,Sunny,I4,1500,1050,Sedan,FWD,2011,38.5
V1283,Sunny,I4,1500,1050,Sedan,FWD,2022,47.1
V1284,Sunny,I4,1500,1050,Sedan,FWD,2020,49.6
V1285,Sunny,I4,1500,1050,Sedan,FWD,2009,32.1
V1286,Pathfinder,V6,3500,2000,SUV,AWD,2012,26.7
V1287,Pathfinder,V6,3500,2000,SUV,AWD,2018,21.6
V1288,Altima,I4,2500,1450,Sedan,FWD,2008,45.1
V1289,X-Trail,I4,2500,1650,SUV,AWD,2021,29.0
V1290,Patrol,V6,4000,2600,SUV,AWD,2022,18.5
V1291,Patrol,V6,4000,2600,SUV,AWD,2010,43.9
V1292,Patrol,V6,4000,2600,SUV,AWD,2014,64.9
V1293,X-Trail,I4,2500,1650,SUV,AWD,2022,39.9
V1294,Sunny,I4,1500,1050,Sedan,FWD,2015,48.4
V1295,Altima,I4,2500,1450,Sedan,FWD,2012,40.8
V1296,Altima,I4,2500,1450,Sedan,FWD,2013,39.0
V1297,Pathfinder,V6,3500,2000,SUV,AWD,2020,49.2
V1298,Pathfinder,V6,3500,2000,SUV,AWD,2020,37.1
V1299,Sunny,I4,1500,1050,Sedan,FWD,2016,42.7
V1300,Patrol,V6,4000,2600,SUV,AWD,2014,43.2
V1301,Pathfinder,V6,3500,2000,SUV,AWD,2021,33.3
V1302,Pathfinder,V6,3500,2000,SUV,AWD,2018,49.9
V1303,Patrol,V6,4000,2600,SUV,AWD,2020,38.3
V1304,Patrol,V6,4000,2600,SUV,AWD,2020,32.4
V1305,Sunny,I4,1500,1050,Sedan,FWD,2010,45.4
V1306,Pathfinder,V6,3500,2000,SUV,AWD,2017,31.0
V1307,Pathfinder,V6,3500,2000,SUV,AWD,2011,40.3
V1308,Patrol,V6,4000,2600,SUV,AWD,2008,39.9
V1309,X-Trail,I4,2500,1650,SUV,AWD,2010,50.9
V1310,Altima,I4,2500,1450,Sedan,FWD,2009,44.7
V1311,X-Trail,I4,2500,1650,SUV,AWD,2014,39.7
V1312,X-Trail,I4,2500,1650,SUV,AWD,2015,48.2
V1313,Sunny,I4,1500,1050,Sedan,FWD,2021,53.9
V1314,X-Trail,I4,2500,1650,SUV,AWD,2020,45.6
V1315,Altima,I4,2500,1450,Sedan,FWD,2011,40.1
V1316,Pathfinder,V6,3500,2000,SUV,AWD,2021,26.9
V1317,Altima,I4,2500,1450,Sedan,FWD,2014,29.3
V1318,Sunny,I4,1500,1050,Sedan,FWD,2011,36.9
V1319,Patrol,V6,4000,2600,SUV,AWD,2018,33.9
V1320,X-Trail,I4,2500,1650,SUV,AWD,2022,38.1
V1321,Sunny,I4,1500,1050,Sedan,FWD,2019,40.6
V1322,X-Trail,I4,2500,1650,SUV,AWD,2015,45.3
V1323,Sunny,I4,1500,1050,Sedan,FWD,2021,39.3
V1324,Altima,I4,2500,1450,Sedan,FWD,2018,44.9
V1325,X-Trail,I4,2500,1650,SUV,AWD,2017,40.6
V1326,Sunny,I4,1500,1050,Sedan,FWD,2008,20.2
V1327,Patrol,V6,4000,2600,SUV,AWD,2010,30.6
V1328,Altima,I4,2500,1450,Sedan,FWD,2015,38.6
V1329,Sunny,I4,1500,1050,Sedan,FWD,2008,27.9
V1330,Patrol,V6,4000,2600,SUV,AWD,2020,46.0
V1331,X-Trail,I4,2500,1650,SUV,AWD,2016,55.3
V1332,Pathfinder,V6,3500,2000,SUV,AWD,2019,52.2
V1333,X-Trail,I4,2500,1650,SUV,AWD,2019,37.9
V1334,Pathfinder,V6,3500,2000,SUV,AWD,2019,54.9
V1335,Pathfinder,V6,3500,2000,SUV,AWD,2011,41.5
V1336,X-Trail,I4,2500,1650,SUV,AWD,2019,36.6
V1337,Patrol,V6,4000,2600,SUV,AWD,2022,33.9
V1338,Patrol,V6,4000,2600,SUV,AWD,2010,37.0
V1339,Patrol,V6,4000,2600,SUV,AWD,2013,36.1
V1340,Patrol,V6,4000,2600,SUV,AWD,2014,41.7
V1341,Patrol,V6,4000,2600,SUV,AWD,2021,41.6
V1342,X-Trail,I4,2500,1650,SUV,AWD,2019,40.0
V1343,Pathfinder,V6,3500,2000,SUV,AWD,2011,44.4
V1344,Patrol,V6,4000,2600,SUV,AWD,2010,51.9
V1345,X-Trail,I4,2500,1650,SUV,AWD,2009,49.5
V1346,Sunny,I4,1500,1050,Sedan,FWD,2021,25.2
V1347,Sunny,I4,1500,1050,Sedan,FWD,2011,14.5
V1348,Sunny,I4,1500,1050,Sedan,FWD,2017,49.3
V1349,Pathfinder,V6,3500,2000,SUV,AWD,2016,26.3
V1350,Sunny,I4,1500,1050,Sedan,FWD,2013,37.8
V1351,Sunny,I4,1500,1050,Sedan,FWD,2022,28.3
V1352,Sunny,I4,1500,1050,Sedan,FWD,2015,22.0
V1353,Patrol,V6,4000,2600,SUV,AWD,2019,45.4
V1354,X-Trail,I4,2500,1650,SUV,AWD,2020,47.6
V1355,X-Trail,I4,2500,1650,SUV,AWD,2016,34.2
V1356,X-Trail,I4,2500,1650,SUV,AWD,2009,14.1
V1357,Sunny,I4,1500,1050,Sedan,FWD,2009,34.5
V1358,Altima,I4,2500,1450,Sedan,FWD,2011,43.9
V1359,Altima,I4,2500,1450,Sedan,FWD,2016,25.2
V1360,Sunny,I4,1500,1050,Sedan,FWD,2020,41.8
V1361,Pathfinder,V6,3500,2000,SUV,AWD,2019,39.8
V1362,Altima,I4,2500,1450,Sedan,FWD,2020,45.8
V1363,X-Trail,I4,2500,1650,SUV,AWD,2018,41.2
V1364,Pathfinder,V6,3500,2000,SUV,AWD,2022,30.3
V1365,X-Trail,I4,2500,1650,SUV,AWD,2021,52.0
V1366,Pathfinder,V6,3500,2000,SUV,AWD,2021,38.4
V1367,Patrol,V6,4000,2600,SUV,AWD,2016,39.7
V1368,X-Trail,I4,2500,1650,SUV,AWD,2013,30.7
V1369,Pathfinder,V6,3500,2000,SUV,AWD,2008,35.6
V1370,Patrol,V6,4000,2600,SUV,AWD,2008,31.2
V1371,X-Trail,I4,2500,1650,SUV,AWD,2008,38.3
V1372,X-Trail,I4,2500,1650,SUV,AWD,2008,57.1
V1373,X-Trail,I4,2500,1650,SUV,AWD,2022,26.3
V1374,Patrol,V6,4000,2600,SUV,AWD,2010,23.9
V1375,Altima,I4,2500,1450,Sedan,FWD,2010,54.7
V1376,Altima,I4,2500,1450,Sedan,FWD,2011,37.9
V1377,Patrol,V6,4000,2600,SUV,AWD,2014,33.3
V1378,Sunny,I4,1500,1050,Sedan,FWD,2019,50.4
V1379,Pathfinder,V6,3500,2000,SUV,AWD,2021,33.9
V1380,Sunny,I4,1500,1050,Sedan,FWD,2017,58.3
V1381,Patrol,V6,4000,2600,SUV,AWD,2014,46.8
V1382,X-Trail,I4,2500,1650,SUV,AWD,2013,35.1
V1383,Sunny,I4,1500,1050,Sedan,FWD,2021,61.6
V1384,Patrol,V6,4000,2600,SUV,AWD,2022,33.9
V1385,Pathfinder,V6,3500,2000,SUV,AWD,2008,47.4
V1386,Patrol,V6,4000,2600,SUV,AWD,2017,43.0
V1387,Altima,I4,2500,1450,Sedan,FWD,2010,53.0
V1388,Pathfinder,V6,3500,2000,SUV,AWD,2015,55.6
V1389,Sunny,I4,1500,1050,Sedan,FWD,2011,40.3
V1390,Altima,I4,2500,1450,Sedan,FWD,2010,32.5
V1391,Sunny,I4,1500,1050,Sedan,FWD,2016,44.6
V1392,Patrol,V6,4000,2600,SUV,AWD,2014,33.2
V1393,Altima,I4,2500,1450,Sedan,FWD,2015,60.1
V1394,Patrol,V6,4000,2600,SUV,AWD,2011,41.4
V1395,Patrol,V6,4000,2600,SUV,AWD,2011,36.3
V1396,Pathfinder,V6,3500,2000,SUV,AWD,2013,41.8
V1397,Sunny,I4,1500,1050,Sedan,FWD,2018,26.5
V1398,Altima,I4,2500,1450,Sedan,FWD,2013,30.3
V1399,X-Trail,I4,2500,1650,SUV,AWD,2010,52.0
V1400,Pathfinder,V6,3500,2000,SUV,AWD,2017,33.4
V1401,Altima,I4,2500,1450,Sedan,FWD,2011,29.5
V1402,Sunny,I4,1500,1050,Sedan,FWD,2009,45.4
V1403,Patrol,V6,4000,2600,SUV,AWD,2022,51.9
V1404,X-Trail,I4,2500,1650,SUV,AWD,2008,47.2
V1405,X-Trail,I4,2500,1650,SUV,AWD,2015,50.0
V1406,Patrol,V6,4000,2600,SUV,AWD,2011,32.4
V1407,X-Trail,I4,2500,1650,SUV,AWD,2016,25.8
V1408,Altima,I4,2500,1450,Sedan,FWD,2019,55.0
V1409,Patrol,V6,4000,2600,SUV,AWD,2022,36.8
V1410,Altima,I4,2500,1450,Sedan,FWD,2008,37.5
V1411,Patrol,V6,4000,2600,SUV,AWD,2012,53.3
V1412,Sunny,I4,1500,1050,Sedan,FWD,2009,45.6
V1413,X-Trail,I4,2500,1650,SUV,AWD,2021,44.6
V1414,Pathfinder,V6,3500,2000,SUV,AWD,2011,61.7
V1415,Sunny,I4,1500,1050,Sedan,FWD,2022,33.6
V1416,Patrol,V6,4000,2600,SUV,AWD,2009,49.3
V1417,Pathfinder,V6,3500,2000,SUV,AWD,2016,40.6
V1418,Altima,I4,2500,1450,Sedan,FWD,2022,42.7
V1419,Pathfinder,V6,3500,2000,SUV,AWD,2019,55.3
V1420,X-Trail,I4,2500,1650,SUV,AWD,2013,45.1
V1421,Patrol,V6,4000,2600,SUV,AWD,2012,45.4
V1422,Pathfinder,V6,3500,2000,SUV,AWD,2022,50.7
V1423,Patrol,V6,4000,2600,SUV,AWD,2012,36.4
V1424,Pathfinder,V6,3500,2000,SUV,AWD,2018,31.6
V1425,Patrol,V6,4000,2600,SUV,AWD,2018,29.6
V1426,Altima,I4,2500,1450,Sedan,FWD,2014,20.3
V1427,X-Trail,I4,2500,1650,SUV,AWD,2022,60.6
V1428,Altima,I4,2500,1450,Sedan,FWD,2011,29.0
V1429,Altima,I4,2500,1450,Sedan,FWD,2021,37.8
V1430,Patrol,V6,4000,2600,SUV,AWD,2022,37.2
V1431,Altima,I4,2500,1450,Sedan,FWD,2018,43.1
V1432,X-Trail,I4,2500,1650,SUV,AWD,2009,48.2
V1433,Sunny,I4,1500,1050,Sedan,FWD,2010,48.6
V1434,Sunny,I4,1500,1050,Sedan,FWD,2020,34.2
V1435,Pathfinder,V6,3500,2000,SUV,AWD,2012,38.3
V1436,X-Trail,I4,2500,1650,SUV,AWD,2010,42.8
V1437,Altima,I4,2500,1450,Sedan,FWD,2008,37.5
V1438,X-Trail,I4,2500,1650,SUV,AWD,2017,56.1
V1439,Altima,I4,2500,1450,Sedan,FWD,2011,44.9
V1440,Pathfinder,V6,3500,2000,SUV,AWD,2010,47.3
V1441,X-Trail,I4,2500,1650,SUV,AWD,2010,46.6
V1442,Altima,I4,2500,1450,Sedan,FWD,2010,51.7
V1443,Sunny,I4,1500,1050,Sedan,FWD,2022,41.8
V1444,Altima,I4,2500,1450,Sedan,FWD,2020,27.0
V1445,Pathfinder,V6,3500,2000,SUV,AWD,2021,44.0
V1446,Pathfinder,V6,3500,2000,SUV,AWD,2022,33.5
V1447,Sunny,I4,1500,1050,Sedan,FWD,2017,34.7
V1448,X-Trail,I4,2500,1650,SUV,AWD,2014,45.9
V1449,Patrol,V6,4000,2600,SUV,AWD,2016,52.4
V1450,Sunny,I4,1500,1050,Sedan,FWD,2016,40.2
V1451,Sunny,I4,1500,1050,Sedan,FWD,2022,43.1
V1452,Pathfinder,V6,3500,2000,SUV,AWD,2019,57.0
V1453,Sunny,I4,1500,1050,Sedan,FWD,2011,42.4
V1454,X-Trail,I4,2500,1650,SUV,AWD,2020,66.0
V1455,Pathfinder,V6,3500,2000,SUV,AWD,2012,45.7
V1456,Patrol,V6,4000,2600,SUV,AWD,2022,22.4
V1457,Pathfinder,V6,3500,2000,SUV,AWD,2009,47.5
V1458,Patrol,V6,4000,2600,SUV,AWD,2022,43.8
V1459,Pathfinder,V6,3500,2000,SUV,AWD,2013,52.9
V1460,Patrol,V6,4000,2600,SUV,AWD,2022,46.7
V1461,Pathfinder,V6,3500,2000,SUV,AWD,2009,38.6
V1462,Altima,I4,2500,1450,Sedan,FWD,2019,27.8
V1463,Pathfinder,V6,3500,2000,SUV,AWD,2018,37.9
V1464,Pathfinder,V6,3500,2000,SUV,AWD,2019,31.5
V1465,Altima,I4,2500,1450,Sedan,FWD,2014,34.2
V1466,Altima,I4,2500,1450,Sedan,FWD,2022,45.9
V1467,Altima,I4,2500,1450,Sedan,FWD,2010,56.7
V1468,Sunny,I4,1500,1050,Sedan,FWD,2014,43.9
V1469,Pathfinder,V6,3500,2000,SUV,AWD,2012,28.0
V1470,Altima,I4,2500,1450,Sedan,FWD,2011,44.4
V1471,Sunny,I4,1500,1050,Sedan,FWD,2015,52.0
V1472,Sunny,I4,1500,1050,Sedan,FWD,2017,33.9
V1473,Patrol,V6,4000,2600,SUV,AWD,2018,38.7
V1474,Sunny,I4,1500,1050,Sedan,FWD,2017,40.1
V1475,Patrol,V6,4000,2600,SUV,AWD,2012,32.2
V1476,Altima,I4,2500,1450,Sedan,FWD,2008,46.5
V1477,X-Trail,I4,2500,1650,SUV,AWD,2008,38.8
V1478,Patrol,V6,4000,2600,SUV,AWD,2021,44.2
V1479,Sunny,I4,1500,1050,Sedan,FWD,2008,31.1
V1480,Altima,I4,2500,1450,Sedan,FWD,2018,35.6
V1481,Patrol,V6,4000,2600,SUV,AWD,2017,47.2
V1482,Pathfinder,V6,3500,2000,SUV,AWD,2019,36.3
V1483,Sunny,I4,1500,1050,Sedan,FWD,2020,57.3
V1484,Pathfinder,V6,3500,2000,SUV,AWD,2021,36.0
V1485,Patrol,V6,4000,2600,SUV,AWD,2009,42.2
V1486,X-Trail,I4,2500,1650,SUV,AWD,2013,49.3
V1487,Altima,I4,2500,1450,Sedan,FWD,2017,25.8
V1488,Patrol,V6,4000,2600,SUV,AWD,2009,22.4
V1489,X-Trail,I4,2500,1650,SUV,AWD,2014,24.7
V1490,Patrol,V6,4000,2600,SUV,AWD,2017,52.6
V1491,Altima,I4,2500,1450,Sedan,FWD,2017,34.5
V1492,Pathfinder,V6,3500,2000,SUV,AWD,2015,65.6
V1493,Altima,I4,2500,1450,Sedan,FWD,2019,34.4
V1494,Sunny,I4,1500,1050,Sedan,FWD,2008,41.8
V1495,Altima,I4,2500,1450,Sedan,FWD,2020,55.4
V1496,Sunny,I4,1500,1050,Sedan,FWD,2013,60.1
V1497,Altima,I4,2500,1450,Sedan,FWD,2008,60.6
V1498,X-Trail,I4,2500,1650,SUV,AWD,2020,52.1
V1499,Patrol,V6,4000,2600,SUV,AWD,2013,50.2
V1500,X-Trail,I4,2500,1650,SUV,AWD,2013,45.9
V1501,Sunny,I4,1500,1050,Sedan,FWD,2021,47.8
V1502,X-Trail,I4,2500,1650,SUV,AWD,2022,34.5
V1503,Sunny,I4,1500,1050,Sedan,FWD,2018,31.8
V1504,Pathfinder,V6,3500,2000,SUV,AWD,2022,40.0
V1505,Pathfinder,V6,3500,2000,SUV,AWD,2020,38.3
V1506,Sunny,I4,1500,1050,Sedan,FWD,2021,35.5
V1507,X-Trail,I4,2500,1650,SUV,AWD,2016,47.0
V1508,X-Trail,I4,2500,1650,SUV,AWD,2020,49.6
V1509,Sunny,I4,1500,1050,Sedan,FWD,2010,40.9
V1510,Pathfinder,V6,3500,2000,SUV,AWD,2018,54.8
V1511,Patrol,V6,4000,2600,SUV,AWD,2014,28.6
V1512,X-Trail,I4,2500,1650,SUV,AWD,2019,38.1
V1513,X-Trail,I4,2500,1650,SUV,AWD,2014,32.8
V1514,X-Trail,I4,2500,1650,SUV,AWD,2015,21.3
V1515,Patrol,V6,4000,2600,SUV,AWD,2012,39.2
V1516,Sunny,I4,1500,1050,Sedan,FWD,2020,38.8
V1517,Patrol,V6,4000,2600,SUV,AWD,2008,55.1
V1518,Altima,I4,2500,1450,Sedan,FWD,2011,46.3
V1519,Patrol,V6,4000,2600,SUV,AWD,2012,29.8
V1520,Sunny,I4,1500,1050,Sedan,FWD,2021,58.5
V1521,Altima,I4,2500,1450,Sedan,FWD,2011,52.2
V1522,Patrol,V6,4000,2600,SUV,AWD,2009,45.8
V1523,Patrol,V6,4000,2600,SUV,AWD,2021,37.7
V1524,Sunny,I4,1500,1050,Sedan,FWD,2009,30.4
V1525,X-Trail,I4,2500,1650,SUV,AWD,2008,36.3
V1526,Altima,I4,2500,1450,Sedan,FWD,2013,50.9
V1527,Patrol,V6,4000,2600,SUV,AWD,2013,58.8
V1528,X-Trail,I4,2500,1650,SUV,AWD,2010,55.4
V1529,Patrol,V6,4000,2600,SUV,AWD,2016,35.1
V1530,X-Trail,I4,2500,1650,SUV,AWD,2016,28.8
V1531,X-Trail,I4,2500,1650,SUV,AWD,2017,41.4
V1532,Patrol,V6,4000,2600,SUV,AWD,2022,22.3
V1533,Altima,I4,2500,1450,Sedan,FWD,2008,43.2
V1534,Sunny,I4,1500,1050,Sedan,FWD,2014,38.5
V1535,Altima,I4,2500,1450,Sedan,FWD,2019,35.3
V1536,Pathfinder,V6,3500,2000,SUV,AWD,2017,24.1
V1537,Altima,I4,2500,1450,Sedan,FWD,2019,45.1
V1538,Sunny,I4,1500,1050,Sedan,FWD,2022,34.7
V1539,Altima,I4,2500,1450,Sedan,FWD,2009,28.3
V1540,Pathfinder,V6,3500,2000,SUV,AWD,2009,11.3
V1541,Pathfinder,V6,3500,2000,SUV,AWD,2015,39.7
V1542,Patrol,V6,4000,2600,SUV,AWD,2012,57.7
V1543,X-Trail,I4,2500,1650,SUV,AWD,2020,56.6
V1544,Pathfinder,V6,3500,2000,SUV,AWD,2008,35.4
V1545,Pathfinder,V6,3500,2000,SUV,AWD,2015,34.0
V1546,X-Trail,I4,2500,1650,SUV,AWD,2017,44.7
V1547,Pathfinder,V6,3500,2000,SUV,AWD,2021,30.0
V1548,Patrol,V6,4000,2600,SUV,AWD,2018,43.0
V1549,Pathfinder,V6,3500,2000,SUV,AWD,2014,47.7
V1550,Altima,I4,2500,1450,Sedan,FWD,2016,52.3
V1551,Sunny,I4,1500,1050,Sedan,FWD,2013,39.0
V1552,Pathfinder,V6,3500,2000,SUV,AWD,2020,38.0
V1553,X-Trail,I4,2500,1650,SUV,AWD,2016,31.2
V1554,Sunny,I4,1500,1050,Sedan,FWD,2019,31.7
V1555,Pathfinder,V6,3500,2000,SUV,AWD,2009,37.7
V1556,Patrol,V6,4000,2600,SUV,AWD,2009,43.7
V1557,Pathfinder,V6,3500,2000,SUV,AWD,2009,49.1
V1558,Patrol,V6,4000,2600,SUV,AWD,2020,32.0
V1559,Sunny,I4,1500,1050,Sedan,FWD,2009,54.9
V1560,Patrol,V6,4000,2600,SUV,AWD,2022,37.3
V1561,Altima,I4,2500,1450,Sedan,FWD,2018,39.8
V1562,Pathfinder,V6,3500,2000,SUV,AWD,2017,32.5
V1563,X-Trail,I4,2500,1650,SUV,AWD,2012,15.8
V1564,X-Trail,I4,2500,1650,SUV,AWD,2022,48.8
V1565,X-Trail,I4,2500,1650,SUV,AWD,2009,47.4
V1566,Patrol,V6,4000,2600,SUV,AWD,2014,37.2
V1567,Sunny,I4,1500,1050,Sedan,FWD,2013,40.7
V1568,Sunny,I4,1500,1050,Sedan,FWD,2019,45.2
V1569,Sunny,I4,1500,1050,Sedan,FWD,2021,24.4
V1570,Pathfinder,V6,3500,2000,SUV,AWD,2019,34.7
V1571,Pathfinder,V6,3500,2000,SUV,AWD,2014,47.9
V1572,Altima,I4,2500,1450,Sedan,FWD,2015,27.5
V1573,X-Trail,I4,2500,1650,SUV,AWD,2021,42.9
V1574,Altima,I4,2500,1450,Sedan,FWD,2010,26.4
V1575,Altima,I4,2500,1450,Sedan,FWD,2019,44.7
V1576,Altima,I4,2500,1450,Sedan,FWD,2009,39.6
V1577,Pathfinder,V6,3500,2000,SUV,AWD,2022,23.8
V1578,Pathfinder,V6,3500,2000,SUV,AWD,2017,51.6
V1579,Patrol,V6,4000,2600,SUV,AWD,2021,32.7
V1580,Altima,I4,2500,1450,Sedan,FWD,2014,31.9
V1581,Altima,I4,2500,1450,Sedan,FWD,2019,42.0
V1582,Patrol,V6,4000,2600,SUV,AWD,2017,51.5
V1583,Patrol,V6,4000,2600,SUV,AWD,2015,29.8
V1584,Pathfinder,V6,3500,2000,SUV,AWD,2019,40.6
V1585,Patrol,V6,4000,2600,SUV,AWD,2021,44.3
V1586,Pathfinder,V6,3500,2000,SUV,AWD,2016,46.9
V1587,Sunny,I4,1500,1050,Sedan,FWD,2011,41.8
V1588,Sunny,I4,1500,1050,Sedan,FWD,2018,36.3
V1589,X-Trail,I4,2500,1650,SUV,AWD,2017,31.7
V1590,Sunny,I4,1500,1050,Sedan,FWD,2015,40.9
V1591,Patrol,V6,4000,2600,SUV,AWD,2019,29.3
V1592,X-Trail,I4,2500,1650,SUV,AWD,2012,10.8
V1593,Patrol,V6,4000,2600,SUV,AWD,2019,44.4
V1594,X-Trail,I4,2500,1650,SUV,AWD,2008,49.0
V1595,Patrol,V6,4000,2600,SUV,AWD,2008,16.4
V1596,Patrol,V6,4000,2600,SUV,AWD,2008,29.9
V1597,Patrol,V6,4000,2600,SUV,AWD,2009,46.2
V1598,Altima,I4,2500,1450,Sedan,FWD,2017,60.6
V1599,Sunny,I4,1500,1050,Sedan,FWD,2019,40.2
V1600,Patrol,V6,4000,2600,SUV,AWD,2019,32.7
V1601,Altima,I4,2500,1450,Sedan,FWD,2012,38.2
V1602,Altima,I4,2500,1450,Sedan,FWD,2020,53.7
V1603,Sunny,I4,1500,1050,Sedan,FWD,2010,33.5
V1604,Pathfinder,V6,3500,2000,SUV,AWD,2020,32.0
V1605,Altima,I4,2500,1450,Sedan,FWD,2018,35.2
V1606,Altima,I4,2500,1450,Sedan,FWD,2017,30.5
V1607,X-Trail,I4,2500,1650,SUV,AWD,2020,41.2
V1608,Pathfinder,V6,3500,2000,SUV,AWD,2014,56.2
V1609,Patrol,V6,4000,2600,SUV,AWD,2011,43.2
V1610,Pathfinder,V6,3500,2000,SUV,AWD,2012,37.5
V1611,Sunny,I4,1500,1050,Sedan,FWD,2012,37.1
V1612,X-Trail,I4,2500,1650,SUV,AWD,2016,24.4
V1613,Patrol,V6,4000,2600,SUV,AWD,2018,48.8
V1614,Patrol,V6,4000,2600,SUV,AWD,2022,39.2
V1615,X-Trail,I4,2500,1650,SUV,AWD,2012,38.2
V1616,Patrol,V6,4000,2600,SUV,AWD,2014,71.9
V1617,Altima,I4,2500,1450,Sedan,FWD,2019,43.0
V1618,Patrol,V6,4000,2600,SUV,AWD,2013,32.5
V1619,X-Trail,I4,2500,1650,SUV,AWD,2016,35.7
V1620,Sunny,I4,1500,1050,Sedan,FWD,2008,51.5
V1621,Pathfinder,V6,3500,2000,SUV,AWD,2013,41.1
V1622,Altima,I4,2500,1450,Sedan,FWD,2008,25.6
V1623,Patrol,V6,4000,2600,SUV,AWD,2018,49.2
V1624,Patrol,V6,4000,2600,SUV,AWD,2018,33.3
V1625,Sunny,I4,1500,1050,Sedan,FWD,2021,58.7
V1626,Patrol,V6,4000,2600,SUV,AWD,2020,50.8
V1627,Altima,I4,2500,1450,Sedan,FWD,2012,35.5
V1628,Sunny,I4,1500,1050,Sedan,FWD,2018,52.8
V1629,Pathfinder,V6,3500,2000,SUV,AWD,2019,40.7
V1630,X-Trail,I4,2500,1650,SUV,AWD,2012,48.5
V1631,Sunny,I4,1500,1050,Sedan,FWD,2014,44.8
V1632,X-Trail,I4,2500,1650,SUV,AWD,2021,31.5
V1633,Pathfinder,V6,3500,2000,SUV,AWD,2022,33.6
V1634,Pathfinder,V6,3500,2000,SUV,AWD,2009,50.3
V1635,Altima,I4,2500,1450,Sedan,FWD,2017,36.7
V1636,X-Trail,I4,2500,1650,SUV,AWD,2009,36.0
V1637,X-Trail,I4,2500,1650,SUV,AWD,2020,30.4
V1638,Altima,I4,2500,1450,Sedan,FWD,2018,44.2
V1639,Pathfinder,V6,3500,2000,SUV,AWD,2012,60.6
V1640,Pathfinder,V6,3500,2000,SUV,AWD,2017,29.3
V1641,Pathfinder,V6,3500,2000,SUV,AWD,2015,40.2
V1642,Sunny,I4,1500,1050,Sedan,FWD,2016,54.1
V1643,Pathfinder,V6,3500,2000,SUV,AWD,2009,39.2
V1644,X-Trail,I4,2500,1650,SUV,AWD,2013,44.5
V1645,Sunny,I4,1500,1050,Sedan,FWD,2013,29.4
V1646,Sunny,I4,1500,1050,Sedan,FWD,2021,44.3
V1647,Altima,I4,2500,1450,Sedan,FWD,2010,38.1
V1648,Altima,I4,2500,1450,Sedan,FWD,2012,49.9
V1649,X-Trail,I4,2500,1650,SUV,AWD,2015,51.9
V1650,Altima,I4,2500,1450,Sedan,FWD,2010,65.9
V1651,Patrol,V6,4000,2600,SUV,AWD,2011,45.8
V1652,Patrol,V6,4000,2600,SUV,AWD,2018,43.3
V1653,Pathfinder,V6,3500,2000,SUV,AWD,2008,41.9
V1654,Sunny,I4,1500,1050,Sedan,FWD,2014,36.5
V1655,Patrol,V6,4000,2600,SUV,AWD,2015,43.4
V1656,Patrol,V6,4000,2600,SUV,AWD,2010,37.0
V1657,Sunny,I4,1500,1050,Sedan,FWD,2008,41.7
V1658,Sunny,I4,1500,1050,Sedan,FWD,2015,53.2
V1659,Altima,I4,2500,1450,Sedan,FWD,2019,29.9
V1660,Sunny,I4,1500,1050,Sedan,FWD,2022,51.4
V1661,Pathfinder,V6,3500,2000,SUV,AWD,2017,53.2
V1662,Sunny,I4,1500,1050,Sedan,FWD,2009,38.8
V1663,Altima,I4,2500,1450,Sedan,FWD,2009,18.8
V1664,Pathfinder,V6,3500,2000,SUV,AWD,2013,33.9
V1665,Patrol,V6,4000,2600,SUV,AWD,2010,53.0
V1666,Altima,I4,2500,1450,Sedan,FWD,2020,39.8
V1667,Sunny,I4,1500,1050,Sedan,FWD,2009,30.0
V1668,Altima,I4,2500,1450,Sedan,FWD,2019,35.0
V1669,Altima,I4,2500,1450,Sedan,FWD,2022,48.4
V1670,Patrol,V6,4000,2600,SUV,AWD,2014,45.5
V1671,Pathfinder,V6,3500,2000,SUV,AWD,2009,37.6
V1672,Sunny,I4,1500,1050,Sedan,FWD,2019,36.3
V1673,Pathfinder,V6,3500,2000,SUV,AWD,2019,36.1
V1674,Altima,I4,2500,1450,Sedan,FWD,2011,30.8
V1675,Pathfinder,V6,3500,2000,SUV,AWD,2014,56.2
V1676,Sunny,I4,1500,1050,Sedan,FWD,2017,36.8
V1677,Sunny,I4,1500,1050,Sedan,FWD,2018,52.2
V1678,Pathfinder,V6,3500,2000,SUV,AWD,2008,55.2
V1679,Patrol,V6,4000,2600,SUV,AWD,2009,50.0
V1680,Patrol,V6,4000,2600,SUV,AWD,2016,35.7
V1681,Altima,I4,2500,1450,Sedan,FWD,2012,44.0
V1682,Altima,I4,2500,1450,Sedan,FWD,2018,39.8
V1683,Pathfinder,V6,3500,2000,SUV,AWD,2010,31.0
V1684,Sunny,I4,1500,1050,Sedan,FWD,2018,43.2
V1685,X-Trail,I4,2500,1650,SUV,AWD,2013,28.2
V1686,Pathfinder,V6,3500,2000,SUV,AWD,2008,51.9
V1687,Patrol,V6,4000,2600,SUV,AWD,2010,35.4
V1688,Patrol,V6,4000,2600,SUV,AWD,2009,42.0
V1689,Pathfinder,V6,3500,2000,SUV,AWD,2017,42.8
V1690,X-Trail,I4,2500,1650,SUV,AWD,2011,37.4
V1691,Sunny,I4,1500,1050,Sedan,FWD,2011,45.9
V1692,Pathfinder,V6,3500,2000,SUV,AWD,2022,35.3
V1693,Pathfinder,V6,3500,2000,SUV,AWD,2008,48.7
V1694,Patrol,V6,4000,2600,SUV,AWD,2015,26.5
V1695,Pathfinder,V6,3500,2000,SUV,AWD,2019,41.3
V1696,X-Trail,I4,2500,1650,SUV,AWD,2011,59.4
V1697,Patrol,V6,4000,2600,SUV,AWD,2008,30.0
V1698,Pathfinder,V6,3500,2000,SUV,AWD,2015,33.2
V1699,Altima,I4,2500,1450,Sedan,FWD,2022,45.1
V1700,Patrol,V6,4000,2600,SUV,AWD,2022,41.8
V1701,Altima,I4,2500,1450,Sedan,FWD,2009,43.5
V1702,Altima,I4,2500,1450,Sedan,FWD,2017,44.9
V1703,Sunny,I4,1500,1050,Sedan,FWD,2019,46.3
V1704,Altima,I4,2500,1450,Sedan,FWD,2013,51.1
V1705,Patrol,V6,4000,2600,SUV,AWD,2010,44.1
V1706,Pathfinder,V6,3500,2000,SUV,AWD,2008,37.6
V1707,Patrol,V6,4000,2600,SUV,AWD,2008,46.7
V1708,Sunny,I4,1500,1050,Sedan,FWD,2015,59.0
V1709,Sunny,I4,1500,1050,Sedan,FWD,2019,38.7
V1710,Altima,I4,2500,1450,Sedan,FWD,2013,30.3
V1711,Sunny,I4,1500,1050,Sedan,FWD,2008,51.1
V1712,Pathfinder,V6,3500,2000,SUV,AWD,2021,38.8
V1713,Pathfinder,V6,3500,2000,SUV,AWD,2015,18.3
V1714,Pathfinder,V6,3500,2000,SUV,AWD,2010,48.5
V1715,Pathfinder,V6,3500,2000,SUV,AWD,2019,34.6
V1716,Sunny,I4,1500,1050,Sedan,FWD,2014,39.1
V1717,Sunny,I4,1500,1050,Sedan,FWD,2012,43.3
V1718,Patrol,V6,4000,2600,SUV,AWD,2016,41.9
V1719,Sunny,I4,1500,1050,Sedan,FWD,2017,47.1
V1720,Sunny,I4,1500,1050,Sedan,FWD,2016,35.6
V1721,Sunny,I4,1500,1050,Sedan,FWD,2009,45.1
V1722,Sunny,I4,1500,1050,Sedan,FWD,2013,37.4
V1723,Sunny,I4,1500,1050,Sedan,FWD,2016,47.4
V1724,X-Trail,I4,2500,1650,SUV,AWD,2011,46.2
V1725,Patrol,V6,4000,2600,SUV,AWD,2021,30.6
V1726,Altima,I4,2500,1450,Sedan,FWD,2013,50.9
V1727,Pathfinder,V6,3500,2000,SUV,AWD,2012,34.6
V1728,Pathfinder,V6,3500,2000,SUV,AWD,2015,48.1
V1729,Pathfinder,V6,3500,2000,SUV,AWD,2019,43.7
V1730,X-Trail,I4,2500,1650,SUV,AWD,2015,58.4
V1731,Sunny,I4,1500,1050,Sedan,FWD,2011,37.8
V1732,Sunny,I4,1500,1050,Sedan,FWD,2014,36.5
V1733,Sunny,I4,1500,1050,Sedan,FWD,2009,39.8
V1734,Altima,I4,2500,1450,Sedan,FWD,2015,37.0
V1735,Sunny,I4,1500,1050,Sedan,FWD,2012,48.0
V1736,Altima,I4,2500,1450,Sedan,FWD,2015,23.8
V1737,Sunny,I4,1500,1050,Sedan,FWD,2012,29.5
V1738,Altima,I4,2500,1450,Sedan,FWD,2021,29.3
V1739,Pathfinder,V6,3500,2000,SUV,AWD,2017,49.5
V1740,X-Trail,I4,2500,1650,SUV,AWD,2015,57.1
V1741,Patrol,V6,4000,2600,SUV,AWD,2015,39.0
V1742,X-Trail,I4,2500,1650,SUV,AWD,2010,38.3
V1743,X-Trail,I4,2500,1650,SUV,AWD,2012,40.7
V1744,X-Trail,I4,2500,1650,SUV,AWD,2012,51.6
V1745,Altima,I4,2500,1450,Sedan,FWD,2019,30.7
V1746,Altima,I4,2500,1450,Sedan,FWD,2021,42.4
V1747,Altima,I4,2500,1450,Sedan,FWD,2010,49.8
V1748,X-Trail,I4,2500,1650,SUV,AWD,2017,45.0
V1749,Altima,I4,2500,1450,Sedan,FWD,2011,41.9
V1750,X-Trail,I4,2500,1650,SUV,AWD,2013,50.0
V1751,Altima,I4,2500,1450,Sedan,FWD,2016,13.0
V1752,Pathfinder,V6,3500,2000,SUV,AWD,2022,46.8
V1753,Pathfinder,V6,3500,2000,SUV,AWD,2022,33.5
V1754,Patrol,V6,4000,2600,SUV,AWD,2016,21.7
V1755,Pathfinder,V6,3500,2000,SUV,AWD,2022,45.1
V1756,Patrol,V6,4000,2600,SUV,AWD,2018,53.7
V1757,Pathfinder,V6,3500,2000,SUV,AWD,2013,38.6
V1758,Sunny,I4,1500,1050,Sedan,FWD,2010,49.5
V1759,Sunny,I4,1500,1050,Sedan,FWD,2014,56.1
V1760,X-Trail,I4,2500,1650,SUV,AWD,2009,53.1
V1761,Altima,I4,2500,1450,Sedan,FWD,2017,56.4
V1762,X-Trail,I4,2500,1650,SUV,AWD,2011,47.4
V1763,Pathfinder,V6,3500,2000,SUV,AWD,2018,40.8
V1764,Patrol,V6,4000,2600,SUV,AWD,2014,24.0
V1765,Patrol,V6,4000,2600,SUV,AWD,2016,37.5
V1766,X-Trail,I4,2500,1650,SUV,AWD,2014,31.6
V1767,X-Trail,I4,2500,1650,SUV,AWD,2014,61.7
V1768,X-Trail,I4,2500,1650,SUV,AWD,2012,38.2
V1769,Sunny,I4,1500,1050,Sedan,FWD,2011,41.2
V1770,Pathfinder,V6,3500,2000,SUV,AWD,2020,45.5
V1771,Pathfinder,V6,3500,2000,SUV,AWD,2019,40.4
V1772,Patrol,V6,4000,2600,SUV,AWD,2017,57.0
V1773,Pathfinder,V6,3500,2000,SUV,AWD,2021,33.8
V1774,Patrol,V6,4000,2600,SUV,AWD,2020,41.9
V1775,X-Trail,I4,2500,1650,SUV,AWD,2014,32.6
V1776,Patrol,V6,4000,2600,SUV,AWD,2020,26.8
V1777,Pathfinder,V6,3500,2000,SUV,AWD,2012,33.9
V1778,X-Trail,I4,2500,1650,SUV,AWD,2021,39.6
V1779,Pathfinder,V6,3500,2000,SUV,AWD,2011,35.7
V1780,X-Trail,I4,2500,1650,SUV,AWD,2012,33.1
V1781,Pathfinder,V6,3500,2000,SUV,AWD,2009,25.9
V1782,Pathfinder,V6,3500,2000,SUV,AWD,2010,39.2
V1783,Altima,I4,2500,1450,Sedan,FWD,2008,25.0
V1784,Sunny,I4,1500,1050,Sedan,FWD,2017,47.6
V1785,Patrol,V6,4000,2600,SUV,AWD,2014,40.8
V1786,Pathfinder,V6,3500,2000,SUV,AWD,2019,25.4
V1787,Patrol,V6,4000,2600,SUV,AWD,2008,36.9
V1788,Sunny,I4,1500,1050,Sedan,FWD,2010,32.5
V1789,Altima,I4,2500,1450,Sedan,FWD,2013,43.2
V1790,Pathfinder,V6,3500,2000,SUV,AWD,2018,53.4
V1791,X-Trail,I4,2500,1650,SUV,AWD,2012,21.2
V1792,Patrol,V6,4000,2600,SUV,AWD,2011,41.2
V1793,Sunny,I4,1500,1050,Sedan,FWD,2017,38.4
V1794,X-Trail,I4,2500,1650,SUV,AWD,2021,46.7
V1795,X-Trail,I4,2500,1650,SUV,AWD,2018,42.1
V1796,Patrol,V6,4000,2600,SUV,AWD,2017,32.5
V1797,Altima,I4,2500,1450,Sedan,FWD,2016,36.8
V1798,Pathfinder,V6,3500,2000,SUV,AWD,2013,32.0
V1799,Altima,I4,2500,1450,Sedan,FWD,2010,50.8
V1800,Patrol,V6,4000,2600,SUV,AWD,2017,40.2
V1801,Patrol,V6,4000,2600,SUV,AWD,2019,59.0
V1802,Sunny,I4,1500,1050,Sedan,FWD,2014,39.4
V1803,Altima,I4,2500,1450,Sedan,FWD,2022,32.9
V1804,X-Trail,I4,2500,1650,SUV,AWD,2010,24.9
V1805,Patrol,V6,4000,2600,SUV,AWD,2016,22.0
V1806,X-Trail,I4,2500,1650,SUV,AWD,2008,24.2
V1807,Altima,I4,2500,1450,Sedan,FWD,2021,42.7
V1808,X-Trail,I4,2500,1650,SUV,AWD,2010,45.1
V1809,Pathfinder,V6,3500,2000,SUV,AWD,2019,24.2
V1810,Sunny,I4,1500,1050,Sedan,FWD,2020,49.0
V1811,Altima,I4,2500,1450,Sedan,FWD,2009,35.2
V1812,Patrol,V6,4000,2600,SUV,AWD,2008,41.5
V1813,Sunny,I4,1500,1050,Sedan,FWD,2009,56.1
V1814,Sunny,I4,1500,1050,Sedan,FWD,2020,49.0
V1815,Patrol,V6,4000,2600,SUV,AWD,2022,37.3
V1816,Sunny,I4,1500,1050,Sedan,FWD,2009,31.1
V1817,X-Trail,I4,2500,1650,SUV,AWD,2017,18.5
V1818,Patrol,V6,4000,2600,SUV,AWD,2020,32.8
V1819,Patrol,V6,4000,2600,SUV,AWD,2009,37.9
V1820,Sunny,I4,1500,1050,Sedan,FWD,2016,30.1
V1821,X-Trail,I4,2500,1650,SUV,AWD,2010,38.7
V1822,Sunny,I4,1500,1050,Sedan,FWD,2022,40.8
V1823,Pathfinder,V6,3500,2000,SUV,AWD,2013,37.8
V1824,Sunny,I4,1500,1050,Sedan,FWD,2010,33.5
V1825,Pathfinder,V6,3500,2000,SUV,AWD,2011,41.7
V1826,X-Trail,I4,2500,1650,SUV,AWD,2009,44.4
V1827,Pathfinder,V6,3500,2000,SUV,AWD,2020,29.1
V1828,Sunny,I4,1500,1050,Sedan,FWD,2009,54.1
V1829,X-Trail,I4,2500,1650,SUV,AWD,2015,39.0
V1830,Pathfinder,V6,3500,2000,SUV,AWD,2011,40.2
V1831,Pathfinder,V6,3500,2000,SUV,AWD,2011,47.1
V1832,Pathfinder,V6,3500,2000,SUV,AWD,2018,42.3
V1833,Pathfinder,V6,3500,2000,SUV,AWD,2018,49.5
V1834,Sunny,I4,1500,1050,Sedan,FWD,2009,42.9
V1835,Patrol,V6,4000,2600,SUV,AWD,2009,33.9
V1836,Altima,I4,2500,1450,Sedan,FWD,2009,43.6
V1837,Altima,I4,2500,1450,Sedan,FWD,2017,28.6
V1838,Altima,I4,2500,1450,Sedan,FWD,2021,41.1
V1839,Patrol,V6,4000,2600,SUV,AWD,2017,39.7
V1840,Pathfinder,V6,3500,2000,SUV,AWD,2013,37.9
V1841,Pathfinder,V6,3500,2000,SUV,AWD,2015,38.7
V1842,Pathfinder,V6,3500,2000,SUV,AWD,2009,21.2
V1843,Altima,I4,2500,1450,Sedan,FWD,2018,34.5
V1844,Sunny,I4,1500,1050,Sedan,FWD,2021,40.9
V1845,Altima,I4,2500,1450,Sedan,FWD,2014,41.6
V1846,X-Trail,I4,2500,1650,SUV,AWD,2017,29.7
V1847,Patrol,V6,4000,2600,SUV,AWD,2020,52.7
V1848,X-Trail,I4,2500,1650,SUV,AWD,2018,31.3
V1849,Patrol,V6,4000,2600,SUV,AWD,2013,49.7
V1850,Sunny,I4,1500,1050,Sedan,FWD,2020,44.3
V1851,Sunny,I4,1500,1050,Sedan,FWD,2014,33.5
V1852,Pathfinder,V6,3500,2000,SUV,AWD,2015,57.8
V1853,X-Trail,I4,2500,1650,SUV,AWD,2022,28.1
V1854,Altima,I4,2500,1450,Sedan,FWD,2012,49.2
V1855,Sunny,I4,1500,1050,Sedan,FWD,2017,50.0
V1856,Patrol,V6,4000,2600,SUV,AWD,2017,33.3
V1857,Altima,I4,2500,1450,Sedan,FWD,2016,53.9
V1858,Patrol,V6,4000,2600,SUV,AWD,2014,37.5
V1859,X-Trail,I4,2500,1650,SUV,AWD,2013,42.9
V1860,Altima,I4,2500,1450,Sedan,FWD,2021,42.6
V1861,Patrol,V6,4000,2600,SUV,AWD,2008,38.7
V1862,Pathfinder,V6,3500,2000,SUV,AWD,2009,48.1
V1863,Pathfinder,V6,3500,2000,SUV,AWD,2013,47.9
V1864,Altima,I4,2500,1450,Sedan,FWD,2018,22.5
V1865,Sunny,I4,1500,1050,Sedan,FWD,2021,53.0
V1866,Sunny,I4,1500,1050,Sedan,FWD,2016,23.4
V1867,Pathfinder,V6,3500,2000,SUV,AWD,2017,50.3
V1868,Sunny,I4,1500,1050,Sedan,FWD,2019,51.3
V1869,X-Trail,I4,2500,1650,SUV,AWD,2014,29.1
V1870,Sunny,I4,1500,1050,Sedan,FWD,2020,35.9
V1871,Altima,I4,2500,1450,Sedan,FWD,2013,28.9
V1872,X-Trail,I4,2500,1650,SUV,AWD,2010,37.9
V1873,Pathfinder,V6,3500,2000,SUV,AWD,2011,36.9
V1874,Sunny,I4,1500,1050,Sedan,FWD,2021,47.8
V1875,X-Trail,I4,2500,1650,SUV,AWD,2008,53.1
V1876,Altima,I4,2500,1450,Sedan,FWD,2017,54.0
V1877,Patrol,V6,4000,2600,SUV,AWD,2009,34.4
V1878,Patrol,V6,4000,2600,SUV,AWD,2020,37.9
V1879,X-Trail,I4,2500,1650,SUV,AWD,2020,23.2
V1880,Patrol,V6,4000,2600,SUV,AWD,2020,31.9
V1881,X-Trail,I4,2500,1650,SUV,AWD,2011,49.6
V1882,Patrol,V6,4000,2600,SUV,AWD,2015,56.2
V1883,Sunny,I4,1500,1050,Sedan,FWD,2018,27.7
V1884,Patrol,V6,4000,2600,SUV,AWD,2015,34.1
V1885,Pathfinder,V6,3500,2000,SUV,AWD,2012,39.7
V1886,Patrol,V6,4000,2600,SUV,AWD,2021,42.8
V1887,Patrol,V6,4000,2600,SUV,AWD,2019,31.9
V1888,X-Trail,I4,2500,1650,SUV,AWD,2015,44.2
V1889,X-Trail,I4,2500,1650,SUV,AWD,2021,35.3
V1890,Sunny,I4,1500,1050,Sedan,FWD,2018,39.9
V1891,X-Trail,I4,2500,1650,SUV,AWD,2018,45.5
V1892,Altima,I4,2500,1450,Sedan,FWD,2014,40.1
V1893,Sunny,I4,1500,1050,Sedan,FWD,2011,35.6
V1894,Pathfinder,V6,3500,2000,SUV,AWD,2016,38.9
V1895,Sunny,I4,1500,1050,Sedan,FWD,2011,39.1
V1896,X-Trail,I4,2500,1650,SUV,AWD,2020,36.3
V1897,Altima,I4,2500,1450,Sedan,FWD,2018,37.4
V1898,Pathfinder,V6,3500,2000,SUV,AWD,2020,56.0
V1899,Sunny,I4,1500,1050,Sedan,FWD,2013,45.6
V1900,Pathfinder,V6,3500,2000,SUV,AWD,2022,37.0
V1901,Sunny,I4,1500,1050,Sedan,FWD,2014,47.0
V1902,Altima,I4,2500,1450,Sedan,FWD,2011,36.7
V1903,Sunny,I4,1500,1050,Sedan,FWD,2016,51.7
V1904,Patrol,V6,4000,2600,SUV,AWD,2012,43.7
V1905,Patrol,V6,4000,2600,SUV,AWD,2009,38.9
V1906,Patrol,V6,4000,2600,SUV,AWD,2019,44.5
V1907,Altima,I4,2500,1450,Sedan,FWD,2022,24.3
V1908,Altima,I4,2500,1450,Sedan,FWD,2011,28.7
V1909,X-Trail,I4,2500,1650,SUV,AWD,2021,28.1
V1910,X-Trail,I4,2500,1650,SUV,AWD,2019,41.4
V1911,Pathfinder,V6,3500,2000,SUV,AWD,2015,57.3
V1912,Altima,I4,2500,1450,Sedan,FWD,2013,62.3
V1913,X-Trail,I4,2500,1650,SUV,AWD,2008,46.4
V1914,Sunny,I4,1500,1050,Sedan,FWD,2021,45.0
V1915,Sunny,I4,1500,1050,Sedan,FWD,2019,22.0
V1916,X-Trail,I4,2500,1650,SUV,AWD,2016,34.6
V1917,X-Trail,I4,2500,1650,SUV,AWD,2022,32.1
V1918,Altima,I4,2500,1450,Sedan,FWD,2021,33.8
V1919,Pathfinder,V6,3500,2000,SUV,AWD,2022,38.3
V1920,Sunny,I4,1500,1050,Sedan,FWD,2022,35.3
V1921,Altima,I4,2500,1450,Sedan,FWD,2021,20.2
V1922,X-Trail,I4,2500,1650,SUV,AWD,2022,47.5
V1923,Sunny,I4,1500,1050,Sedan,FWD,2012,29.3
V1924,Pathfinder,V6,3500,2000,SUV,AWD,2015,42.4
V1925,X-Trail,I4,2500,1650,SUV,AWD,2019,60.7
V1926,Sunny,I4,1500,1050,Sedan,FWD,2021,30.8
V1927,Sunny,I4,1500,1050,Sedan,FWD,2013,14.7
V1928,Patrol,V6,4000,2600,SUV,AWD,2019,37.1
V1929,Sunny,I4,1500,1050,Sedan,FWD,2018,51.0
V1930,Altima,I4,2500,1450,Sedan,FWD,2008,59.6
V1931,X-Trail,I4,2500,1650,SUV,AWD,2017,27.7
V1932,Patrol,V6,4000,2600,SUV,AWD,2019,45.0
V1933,Altima,I4,2500,1450,Sedan,FWD,2021,35.3
V1934,X-Trail,I4,2500,1650,SUV,AWD,2015,38.9
V1935,X-Trail,I4,2500,1650,SUV,AWD,2010,66.4
V1936,X-Trail,I4,2500,1650,SUV,AWD,2011,25.0
V1937,Pathfinder,V6,3500,2000,SUV,AWD,2022,42.5
V1938,Patrol,V6,4000,2600,SUV,AWD,2011,44.7
V1939,Patrol,V6,4000,2600,SUV,AWD,2018,50.9
V1940,Sunny,I4,1500,1050,Sedan,FWD,2015,41.0
V1941,Altima,I4,2500,1450,Sedan,FWD,2008,43.1
V1942,X-Trail,I4,2500,1650,SUV,AWD,2010,36.1
V1943,Patrol,V6,4000,2600,SUV,AWD,2009,42.7
V1944,Pathfinder,V6,3500,2000,SUV,AWD,2021,36.6
V1945,Altima,I4,2500,1450,Sedan,FWD,2011,46.2
V1946,X-Trail,I4,2500,1650,SUV,AWD,2012,36.3
V1947,Pathfinder,V6,3500,2000,SUV,AWD,2021,43.8
V1948,X-Trail,I4,2500,1650,SUV,AWD,2019,39.7
V1949,Pathfinder,V6,3500,2000,SUV,AWD,2020,51.3
V1950,X-Trail,I4,2500,1650,SUV,AWD,2011,39.5
V1951,X-Trail,I4,2500,1650,SUV,AWD,2017,22.3
V1952,Sunny,I4,1500,1050,Sedan,FWD,2015,52.6
V1953,Pathfinder,V6,3500,2000,SUV,AWD,2018,30.9
V1954,Pathfinder,V6,3500,2000,SUV,AWD,2019,33.5
V1955,Patrol,V6,4000,2600,SUV,AWD,2008,34.0
V1956,Pathfinder,V6,3500,2000,SUV,AWD,2022,53.7
V1957,Patrol,V6,4000,2600,SUV,AWD,2019,18.6
V1958,X-Trail,I4,2500,1650,SUV,AWD,2016,71.4
V1959,Pathfinder,V6,3500,2000,SUV,AWD,2018,50.6
V1960,Patrol,V6,4000,2600,SUV,AWD,2008,42.2
V1961,Patrol,V6,4000,2600,SUV,AWD,2015,39.5
V1962,Altima,I4,2500,1450,Sedan,FWD,2009,42.9
V1963,Altima,I4,2500,1450,Sedan,FWD,2012,45.2
V1964,Altima,I4,2500,1450,Sedan,FWD,2015,46.5
V1965,X-Trail,I4,2500,1650,SUV,AWD,2022,45.6
V1966,X-Trail,I4,2500,1650,SUV,AWD,2017,40.9
V1967,Patrol,V6,4000,2600,SUV,AWD,2013,38.0
V1968,Pathfinder,V6,3500,2000,SUV,AWD,2020,38.5
V1969,Pathfinder,V6,3500,2000,SUV,AWD,2008,38.1
V1970,Altima,I4,2500,1450,Sedan,FWD,2008,51.3
V1971,Pathfinder,V6,3500,2000,SUV,AWD,2014,45.9
V1972,Pathfinder,V6,3500,2000,SUV,AWD,2008,10.6
V1973,Patrol,V6,4000,2600,SUV,AWD,2015,46.6
V1974,Altima,I4,2500,1450,Sedan,FWD,2009,41.9
V1975,X-Trail,I4,2500,1650,SUV,AWD,2010,39.8
V1976,X-Trail,I4,2500,1650,SUV,AWD,2017,36.1
V1977,Patrol,V6,4000,2600,SUV,AWD,2008,51.2
V1978,Pathfinder,V6,3500,2000,SUV,AWD,2022,49.5
V1979,Sunny,I4,1500,1050,Sedan,FWD,2022,32.3
V1980,Sunny,I4,1500,1050,Sedan,FWD,2014,44.1
V1981,Sunny,I4,1500,1050,Sedan,FWD,2021,30.3
V1982,Pathfinder,V6,3500,2000,SUV,AWD,2021,26.2
V1983,X-Trail,I4,2500,1650,SUV,AWD,2017,33.7
V1984,Sunny,I4,1500,1050,Sedan,FWD,2018,48.6
V1985,Patrol,V6,4000,2600,SUV,AWD,2010,49.5
V1986,X-Trail,I4,2500,1650,SUV,AWD,2013,45.1
V1987,Patrol,V6,4000,2600,SUV,AWD,2017,47.3
V1988,Altima,I4,2500,1450,Sedan,FWD,2011,45.2
V1989,Sunny,I4,1500,1050,Sedan,FWD,2008,33.6
V1990,Pathfinder,V6,3500,2000,SUV,AWD,2012,44.3
V1991,Altima,I4,2500,1450,Sedan,FWD,2009,48.0
V1992,X-Trail,I4,2500,1650,SUV,AWD,2022,47.5
V1993,Sunny,I4,1500,1050,Sedan,FWD,2021,51.9
V1994,Pathfinder,V6,3500,2000,SUV,AWD,2022,47.1
V1995,Patrol,V6,4000,2600,SUV,AWD,2014,43.5
V1996,X-Trail,I4,2500,1650,SUV,AWD,2017,50.7
V1997,Sunny,I4,1500,1050,Sedan,FWD,2008,39.7
V1998,Altima,I4,2500,1450,Sedan,FWD,2018,31.2
V1999,Pathfinder,V6,3500,2000,SUV,AWD,2016,38.4
V2000,X-Trail,I4,2500,1650,SUV,AWD,2015,32.6
V2001,Pathfinder,V6,3500,2000,SUV,AWD,2012,33.2
V2002,X-Trail,I4,2500,1650,SUV,AWD,2021,38.6
V2003,Patrol,V6,4000,2600,SUV,AWD,2008,32.1
V2004,Patrol,V6,4000,2600,SUV,AWD,2009,36.9
V2005,Pathfinder,V6,3500,2000,SUV,AWD,2018,21.1
V2006,X-Trail,I4,2500,1650,SUV,AWD,2012,42.1
V2007,Sunny,I4,1500,1050,Sedan,FWD,2009,40.0
V2008,Altima,I4,2500,1450,Sedan,FWD,2021,31.8
V2009,X-Trail,I4,2500,1650,SUV,AWD,2013,46.6
V2010,Pathfinder,V6,3500,2000,SUV,AWD,2017,49.4
V2011,Altima,I4,2500,1450,Sedan,FWD,2011,23.9
V2012,Patrol,V6,4000,2600,SUV,AWD,2012,32.4
V2013,Patrol,V6,4000,2600,SUV,AWD,2008,32.3
V2014,Altima,I4,2500,1450,Sedan,FWD,2018,30.6
V2015,Patrol,V6,4000,2600,SUV,AWD,2019,48.3
V2016,Patrol,V6,4000,2600,SUV,AWD,2013,38.1
V2017,Pathfinder,V6,3500,2000,SUV,AWD,2020,37.4
V2018,Sunny,I4,1500,1050,Sedan,FWD,2011,20.0
V2019,Altima,I4,2500,1450,Sedan,FWD,2021,46.4
V2020,Altima,I4,2500,1450,Sedan,FWD,2018,27.6
V2021,Patrol,V6,4000,2600,SUV,AWD,2011,40.6
V2022,Altima,I4,2500,1450,Sedan,FWD,2015,42.8
V2023,Altima,I4,2500,1450,Sedan,FWD,2019,53.6
V2024,Pathfinder,V6,3500,2000,SUV,AWD,2008,26.9
V2025,Altima,I4,2500,1450,Sedan,FWD,2012,9.8
V2026,Sunny,I4,1500,1050,Sedan,FWD,2013,41.8
V2027,Pathfinder,V6,3500,2000,SUV,AWD,2014,58.0
V2028,Patrol,V6,4000,2600,SUV,AWD,2019,52.4
V2029,Pathfinder,V6,3500,2000,SUV,AWD,2014,42.1
V2030,Patrol,V6,4000,2600,SUV,AWD,2022,35.1
V2031,Pathfinder,V6,3500,2000,SUV,AWD,2011,48.1
V2032,Pathfinder,V6,3500,2000,SUV,AWD,2017,30.3
V2033,Pathfinder,V6,3500,2000,SUV,AWD,2022,44.8
V2034,X-Trail,I4,2500,1650,SUV,AWD,2015,45.1
V2035,X-Trail,I4,2500,1650,SUV,AWD,2019,50.6
V2036,Altima,I4,2500,1450,Sedan,FWD,2016,67.6
V2037,X-Trail,I4,2500,1650,SUV,AWD,2022,43.9
V2038,Pathfinder,V6,3500,2000,SUV,AWD,2010,34.9
V2039,Pathfinder,V6,3500,2000,SUV,AWD,2014,39.7
V2040,X-Trail,I4,2500,1650,SUV,AWD,2020,22.3
V2041,Altima,I4,2500,1450,Sedan,FWD,2017,33.1
V2042,Sunny,I4,1500,1050,Sedan,FWD,2018,35.9
V2043,Altima,I4,2500,1450,Sedan,FWD,2017,34.8
V2044,Pathfinder,V6,3500,2000,SUV,AWD,2012,41.5
V2045,Sunny,I4,1500,1050,Sedan,FWD,2013,31.8
V2046,Altima,I4,2500,1450,Sedan,FWD,2010,51.2
V2047,Sunny,I4,1500,1050,Sedan,FWD,2020,40.0
V2048,Patrol,V6,4000,2600,SUV,AWD,2011,39.9
V2049,X-Trail,I4,2500,1650,SUV,AWD,2013,36.7
V2050,Patrol,V6,4000,2600,SUV,AWD,2012,41.6
V2051,Patrol,V6,4000,2600,SUV,AWD,2017,48.3
V2052,Pathfinder,V6,3500,2000,SUV,AWD,2020,31.3
V2053,Sunny,I4,1500,1050,Sedan,FWD,2009,33.4
V2054,Sunny,I4,1500,1050,Sedan,FWD,2021,37.0
V2055,Altima,I4,2500,1450,Sedan,FWD,2018,26.5
V2056,X-Trail,I4,2500,1650,SUV,AWD,2010,31.8
V2057,Patrol,V6,4000,2600,SUV,AWD,2015,35.2
V2058,X-Trail,I4,2500,1650,SUV,AWD,2013,48.7
V2059,Altima,I4,2500,1450,Sedan,FWD,2015,42.6
V2060,Sunny,I4,1500,1050,Sedan,FWD,2011,41.9
V2061,X-Trail,I4,2500,1650,SUV,AWD,2016,48.5
V2062,Pathfinder,V6,3500,2000,SUV,AWD,2013,38.6
V2063,Patrol,V6,4000,2600,SUV,AWD,2014,43.9
V2064,Pathfinder,V6,3500,2000,SUV,AWD,2014,39.0
V2065,Patrol,V6,4000,2600,SUV,AWD,2020,42.7
V2066,Pathfinder,V6,3500,2000,SUV,AWD,2010,34.2
V2067,Patrol,V6,4000,2600,SUV,AWD,2009,15.6
V2068,Altima,I4,2500,1450,Sedan,FWD,2014,38.7
V2069,Altima,I4,2500,1450,Sedan,FWD,2022,54.2
V2070,Patrol,V6,4000,2600,SUV,AWD,2012,49.3
V2071,Patrol,V6,4000,2600,SUV,AWD,2021,49.7
V2072,X-Trail,I4,2500,1650,SUV,AWD,2008,52.4
V2073,Patrol,V6,4000,2600,SUV,AWD,2022,40.9
V2074,Altima,I4,2500,1450,Sedan,FWD,2022,42.0
V2075,Pathfinder,V6,3500,2000,SUV,AWD,2019,33.8
V2076,Pathfinder,V6,3500,2000,SUV,AWD,2020,36.8
V2077,Sunny,I4,1500,1050,Sedan,FWD,2016,46.2
V2078,Altima,I4,2500,1450,Sedan,FWD,2016,52.0
V2079,Sunny,I4,1500,1050,Sedan,FWD,2016,38.6
V2080,Altima,I4,2500,1450,Sedan,FWD,2008,35.5
V2081,Patrol,V6,4000,2600,SUV,AWD,2012,40.0
V2082,Pathfinder,V6,3500,2000,SUV,AWD,2016,46.0
V2083,X-Trail,I4,2500,1650,SUV,AWD,2012,25.6
V2084,Sunny,I4,1500,1050,Sedan,FWD,2020,17.0
V2085,X-Trail,I4,2500,1650,SUV,AWD,2017,34.5
V2086,Altima,I4,2500,1450,Sedan,FWD,2020,27.8
V2087,Patrol,V6,4000,2600,SUV,AWD,2021,34.9
V2088,X-Trail,I4,2500,1650,SUV,AWD,2018,38.5
V2089,Altima,I4,2500,1450,Sedan,FWD,2019,35.5
V2090,Sunny,I4,1500,1050,Sedan,FWD,2013,54.5
V2091,X-Trail,I4,2500,1650,SUV,AWD,2015,43.3
V2092,Pathfinder,V6,3500,2000,SUV,AWD,2009,43.0
V2093,Altima,I4,2500,1450,Sedan,FWD,2015,46.2
V2094,Patrol,V6,4000,2600,SUV,AWD,2014,28.6
V2095,Pathfinder,V6,3500,2000,SUV,AWD,2021,50.4
V2096,Pathfinder,V6,3500,2000,SUV,AWD,2015,39.2
V2097,Pathfinder,V6,3500,2000,SUV,AWD,2021,46.7
V2098,Pathfinder,V6,3500,2000,SUV,AWD,2019,29.3
V2099,Patrol,V6,4000,2600,SUV,AWD,2021,24.5
V2100,Pathfinder,V6,3500,2000,SUV,AWD,2015,48.2
V2101,Patrol,V6,4000,2600,SUV,AWD,2013,43.8
V2102,Pathfinder,V6,3500,2000,SUV,AWD,2009,31.0
V2103,Sunny,I4,1500,1050,Sedan,FWD,2016,31.3
V2104,X-Trail,I4,2500,1650,SUV,AWD,2012,51.3
V2105,Altima,I4,2500,1450,Sedan,FWD,2010,28.1
V2106,X-Trail,I4,2500,1650,SUV,AWD,2022,56.4
V2107,Pathfinder,V6,3500,2000,SUV,AWD,2008,31.0
V2108,Sunny,I4,1500,1050,Sedan,FWD,2014,46.4
V2109,Pathfinder,V6,3500,2000,SUV,AWD,2022,36.7
V2110,Patrol,V6,4000,2600,SUV,AWD,2010,46.0
V2111,Pathfinder,V6,3500,2000,SUV,AWD,2020,34.6
V2112,X-Trail,I4,2500,1650,SUV,AWD,2009,38.4
V2113,Pathfinder,V6,3500,2000,SUV,AWD,2014,40.4
V2114,Patrol,V6,4000,2600,SUV,AWD,2008,30.0
V2115,X-Trail,I4,2500,1650,SUV,AWD,2018,47.4
V2116,Sunny,I4,1500,1050,Sedan,FWD,2017,34.9
V2117,X-Trail,I4,2500,1650,SUV,AWD,2016,37.7
V2118,Sunny,I4,1500,1050,Sedan,FWD,2011,30.1
V2119,Sunny,I4,1500,1050,Sedan,FWD,2017,14.4
V2120,Patrol,V6,4000,2600,SUV,AWD,2022,38.1
V2121,Patrol,V6,4000,2600,SUV,AWD,2010,64.1
V2122,Altima,I4,2500,1450,Sedan,FWD,2011,47.8
V2123,Patrol,V6,4000,2600,SUV,AWD,2015,39.8
V2124,X-Trail,I4,2500,1650,SUV,AWD,2014,37.4
V2125,Sunny,I4,1500,1050,Sedan,FWD,2013,40.2
V2126,Patrol,V6,4000,2600,SUV,AWD,2013,45.5
V2127,Sunny,I4,1500,1050,Sedan,FWD,2016,28.2
V2128,X-Trail,I4,2500,1650,SUV,AWD,2020,51.1
V2129,Pathfinder,V6,3500,2000,SUV,AWD,2018,47.2
V2130,X-Trail,I4,2500,1650,SUV,AWD,2010,47.2
V2131,Pathfinder,V6,3500,2000,SUV,AWD,2009,44.4
V2132,X-Trail,I4,2500,1650,SUV,AWD,2012,40.2
V2133,Sunny,I4,1500,1050,Sedan,FWD,2008,46.7
V2134,Patrol,V6,4000,2600,SUV,AWD,2011,45.9
V2135,Pathfinder,V6,3500,2000,SUV,AWD,2009,36.5
V2136,Patrol,V6,4000,2600,SUV,AWD,2014,34.3
V2137,Altima,I4,2500,1450,Sedan,FWD,2022,41.0
V2138,Patrol,V6,4000,2600,SUV,AWD,2018,55.5
V2139,Altima,I4,2500,1450,Sedan,FWD,2012,27.6
V2140,Patrol,V6,4000,2600,SUV,AWD,2011,25.3
V2141,Patrol,V6,4000,2600,SUV,AWD,2010,41.6
V2142,Pathfinder,V6,3500,2000,SUV,AWD,2022,40.5
V2143,Pathfinder,V6,3500,2000,SUV,AWD,2021,41.7
V2144,Altima,I4,2500,1450,Sedan,FWD,2008,42.4
V2145,X-Trail,I4,2500,1650,SUV,AWD,2017,37.8
V2146,X-Trail,I4,2500,1650,SUV,AWD,2021,54.9
V2147,Patrol,V6,4000,2600,SUV,AWD,2012,24.0
V2148,Patrol,V6,4000,2600,SUV,AWD,2009,31.7
V2149,Sunny,I4,1500,1050,Sedan,FWD,2021,39.0
V2150,X-Trail,I4,2500,1650,SUV,AWD,2022,23.6
V2151,X-Trail,I4,2500,1650,SUV,AWD,2022,38.2
V2152,X-Trail,I4,2500,1650,SUV,AWD,2020,56.6
V2153,X-Trail,I4,2500,1650,SUV,AWD,2013,40.2
V2154,X-Trail,I4,2500,1650,SUV,AWD,2008,42.3
V2155,Sunny,I4,1500,1050,Sedan,FWD,2017,27.4
V2156,Altima,I4,2500,1450,Sedan,FWD,2014,33.8
V2157,Pathfinder,V6,3500,2000,SUV,AWD,2020,36.2
V2158,Sunny,I4,1500,1050,Sedan,FWD,2016,36.8
V2159,Pathfinder,V6,3500,2000,SUV,AWD,2018,52.8
V2160,Pathfinder,V6,3500,2000,SUV,AWD,2021,45.6
V2161,Sunny,I4,1500,1050,Sedan,FWD,2009,28.9
V2162,Pathfinder,V6,3500,2000,SUV,AWD,2008,42.5
V2163,X-Trail,I4,2500,1650,SUV,AWD,2018,45.0
V2164,Sunny,I4,1500,1050,Sedan,FWD,2021,51.4
V2165,Altima,I4,2500,1450,Sedan,FWD,2011,55.8
V2166,Sunny,I4,1500,1050,Sedan,FWD,2012,29.8
V2167,Patrol,V6,4000,2600,SUV,AWD,2011,31.9
V2168,Pathfinder,V6,3500,2000,SUV,AWD,2009,27.4
V2169,Pathfinder,V6,3500,2000,SUV,AWD,2010,37.7
V2170,Patrol,V6,4000,2600,SUV,AWD,2018,44.7
V2171,Sunny,I4,1500,1050,Sedan,FWD,2017,49.9
V2172,X-Trail,I4,2500,1650,SUV,AWD,2022,39.2
V2173,Patrol,V6,4000,2600,SUV,AWD,2019,36.8
V2174,Sunny,I4,1500,1050,Sedan,FWD,2019,41.5
V2175,Patrol,V6,4000,2600,SUV,AWD,2022,31.6
V2176,Sunny,I4,1500,1050,Sedan,FWD,2021,60.9
V2177,Pathfinder,V6,3500,2000,SUV,AWD,2012,23.9
V2178,Pathfinder,V6,3500,2000,SUV,AWD,2013,41.8
V2179,Altima,I4,2500,1450,Sedan,FWD,2008,60.2
V2180,Pathfinder,V6,3500,2000,SUV,AWD,2013,40.1
V2181,Sunny,I4,1500,1050,Sedan,FWD,2022,38.1
V2182,Altima,I4,2500,1450,Sedan,FWD,2019,36.4
V2183,Altima,I4,2500,1450,Sedan,FWD,2011,38.2
V2184,Sunny,I4,1500,1050,Sedan,FWD,2008,53.7
V2185,Patrol,V6,4000,2600,SUV,AWD,2020,17.9
V2186,X-Trail,I4,2500,1650,SUV,AWD,2011,55.3
V2187,X-Trail,I4,2500,1650,SUV,AWD,2021,25.8
V2188,Altima,I4,2500,1450,Sedan,FWD,2009,37.3
V2189,Sunny,I4,1500,1050,Sedan,FWD,2018,35.7
V2190,Sunny,I4,1500,1050,Sedan,FWD,2022,45.9
V2191,Sunny,I4,1500,1050,Sedan,FWD,2020,24.0
V2192,Pathfinder,V6,3500,2000,SUV,AWD,2008,44.6
V2193,Sunny,I4,1500,1050,Sedan,FWD,2009,60.2
V2194,X-Trail,I4,2500,1650,SUV,AWD,2021,26.4
V2195,Pathfinder,V6,3500,2000,SUV,AWD,2011,41.9
V2196,Patrol,V6,4000,2600,SUV,AWD,2008,33.4
V2197,Pathfinder,V6,3500,2000,SUV,AWD,2022,44.3
V2198,Sunny,I4,1500,1050,Sedan,FWD,2015,40.2
V2199,Sunny,I4,1500,1050,Sedan,FWD,2009,33.6
V2200,Patrol,V6,4000,2600,SUV,AWD,2020,44.9
V2201,Altima,I4,2500,1450,Sedan,FWD,2018,58.0
V2202,Pathfinder,V6,3500,2000,SUV,AWD,2019,38.1
V2203,Altima,I4,2500,1450,Sedan,FWD,2020,47.2
V2204,Patrol,V6,4000,2600,SUV,AWD,2014,27.1
V2205,X-Trail,I4,2500,1650,SUV,AWD,2012,30.4
V2206,Altima,I4,2500,1450,Sedan,FWD,2010,44.7
V2207,X-Trail,I4,2500,1650,SUV,AWD,2013,54.8
V2208,Altima,I4,2500,1450,Sedan,FWD,2008,43.6
V2209,Patrol,V6,4000,2600,SUV,AWD,2021,36.9
V2210,Altima,I4,2500,1450,Sedan,FWD,2018,40.0
V2211,X-Trail,I4,2500,1650,SUV,AWD,2011,27.5
V2212,Pathfinder,V6,3500,2000,SUV,AWD,2017,46.0
V2213,Patrol,V6,4000,2600,SUV,AWD,2013,48.8
V2214,Altima,I4,2500,1450,Sedan,FWD,2009,35.5
V2215,Sunny,I4,1500,1050,Sedan,FWD,2015,35.3
V2216,Altima,I4,2500,1450,Sedan,FWD,2019,42.7
V2217,Altima,I4,2500,1450,Sedan,FWD,2015,35.6
V2218,X-Trail,I4,2500,1650,SUV,AWD,2020,39.3
V2219,Altima,I4,2500,1450,Sedan,FWD,2021,61.0
V2220,Sunny,I4,1500,1050,Sedan,FWD,2013,37.5
V2221,X-Trail,I4,2500,1650,SUV,AWD,2015,36.4
V2222,X-Trail,I4,2500,1650,SUV,AWD,2008,33.5
V2223,X-Trail,I4,2500,1650,SUV,AWD,2010,47.4
V2224,Altima,I4,2500,1450,Sedan,FWD,2013,38.2
V2225,Altima,I4,2500,1450,Sedan,FWD,2008,33.5
V2226,Sunny,I4,1500,1050,Sedan,FWD,2008,53.2
V2227,Sunny,I4,1500,1050,Sedan,FWD,2013,54.2
V2228,Altima,I4,2500,1450,Sedan,FWD,2013,34.0
V2229,Patrol,V6,4000,2600,SUV,AWD,2020,21.3
V2230,Sunny,I4,1500,1050,Sedan,FWD,2009,50.1
V2231,Altima,I4,2500,1450,Sedan,FWD,2011,33.2
V2232,X-Trail,I4,2500,1650,SUV,AWD,2017,47.9
V2233,Sunny,I4,1500,1050,Sedan,FWD,2020,20.3
V2234,Patrol,V6,4000,2600,SUV,AWD,2012,48.9
V2235,Sunny,I4,1500,1050,Sedan,FWD,2018,27.9
V2236,Patrol,V6,4000,2600,SUV,AWD,2017,47.3
V2237,Sunny,I4,1500,1050,Sedan,FWD,2020,40.1
V2238,Sunny,I4,1500,1050,Sedan,FWD,2010,30.5
V2239,Patrol,V6,4000,2600,SUV,AWD,2013,35.9
V2240,X-Trail,I4,2500,1650,SUV,AWD,2019,46.9
V2241,Pathfinder,V6,3500,2000,SUV,AWD,2015,41.1
V2242,Patrol,V6,4000,2600,SUV,AWD,2018,45.8
V2243,Altima,I4,2500,1450,Sedan,FWD,2015,59.8
V2244,X-Trail,I4,2500,1650,SUV,AWD,2014,24.4
V2245,X-Trail,I4,2500,1650,SUV,AWD,2012,56.2
V2246,Sunny,I4,1500,1050,Sedan,FWD,2012,41.0
V2247,Patrol,V6,4000,2600,SUV,AWD,2008,31.0
V2248,Pathfinder,V6,3500,2000,SUV,AWD,2015,26.7
V2249,Pathfinder,V6,3500,2000,SUV,AWD,2013,38.1
V2250,Pathfinder,V6,3500,2000,SUV,AWD,2011,49.2
V2251,Sunny,I4,1500,1050,Sedan,FWD,2012,38.7
V2252,Sunny,I4,1500,1050,Sedan,FWD,2020,55.1
V2253,Sunny,I4,1500,1050,Sedan,FWD,2009,25.5
V2254,X-Trail,I4,2500,1650,SUV,AWD,2011,39.9
V2255,X-Trail,I4,2500,1650,SUV,AWD,2011,27.5
V2256,Patrol,V6,4000,2600,SUV,AWD,2022,43.6
V2257,X-Trail,I4,2500,1650,SUV,AWD,2021,48.9
V2258,Pathfinder,V6,3500,2000,SUV,AWD,2021,35.8
V2259,Pathfinder,V6,3500,2000,SUV,AWD,2018,14.0
V2260,Altima,I4,2500,1450,Sedan,FWD,2021,42.0
V2261,Altima,I4,2500,1450,Sedan,FWD,2015,44.4
V2262,Patrol,V6,4000,2600,SUV,AWD,2020,44.0
V2263,X-Trail,I4,2500,1650,SUV,AWD,2020,52.4
V2264,Pathfinder,V6,3500,2000,SUV,AWD,2020,29.3
V2265,Pathfinder,V6,3500,2000,SUV,AWD,2015,46.8
V2266,Altima,I4,2500,1450,Sedan,FWD,2017,51.9
V2267,Sunny,I4,1500,1050,Sedan,FWD,2015,22.2
V2268,X-Trail,I4,2500,1650,SUV,AWD,2011,43.2
V2269,Pathfinder,V6,3500,2000,SUV,AWD,2020,35.0
V2270,X-Trail,I4,2500,1650,SUV,AWD,2017,39.2
V2271,Altima,I4,2500,1450,Sedan,FWD,2010,43.5
V2272,Patrol,V6,4000,2600,SUV,AWD,2018,35.1
V2273,Patrol,V6,4000,2600,SUV,AWD,2021,33.2
V2274,Pathfinder,V6,3500,2000,SUV,AWD,2009,40.3
V2275,Sunny,I4,1500,1050,Sedan,FWD,2013,29.1
V2276,X-Trail,I4,2500,1650,SUV,AWD,2009,29.1
V2277,Altima,I4,2500,1450,Sedan,FWD,2008,46.8
V2278,Sunny,I4,1500,1050,Sedan,FWD,2010,28.5
V2279,Pathfinder,V6,3500,2000,SUV,AWD,2012,46.7
V2280,Patrol,V6,4000,2600,SUV,AWD,2009,44.6
V2281,Sunny,I4,1500,1050,Sedan,FWD,2010,22.7
V2282,Pathfinder,V6,3500,2000,SUV,AWD,2010,33.2
V2283,Pathfinder,V6,3500,2000,SUV,AWD,2015,51.9
V2284,Altima,I4,2500,1450,Sedan,FWD,2010,30.2
V2285,Pathfinder,V6,3500,2000,SUV,AWD,2010,35.4
V2286,Patrol,V6,4000,2600,SUV,AWD,2011,44.6
V2287,X-Trail,I4,2500,1650,SUV,AWD,2011,47.8
V2288,Sunny,I4,1500,1050,Sedan,FWD,2021,37.5
V2289,Patrol,V6,4000,2600,SUV,AWD,2013,34.0
V2290,Pathfinder,V6,3500,2000,SUV,AWD,2015,54.2
V2291,X-Trail,I4,2500,1650,SUV,AWD,2018,57.4
V2292,X-Trail,I4,2500,1650,SUV,AWD,2014,49.8
V2293,Altima,I4,2500,1450,Sedan,FWD,2014,40.9
V2294,Pathfinder,V6,3500,2000,SUV,AWD,2015,31.9
V2295,Patrol,V6,4000,2600,SUV,AWD,2009,31.7
V2296,Altima,I4,2500,1450,Sedan,FWD,2022,45.2
V2297,Patrol,V6,4000,2600,SUV,AWD,2012,44.2
V2298,Altima,I4,2500,1450,Sedan,FWD,2022,54.0
V2299,Patrol,V6,4000,2600,SUV,AWD,2009,46.5
V2300,Sunny,I4,1500,1050,Sedan,FWD,2016,25.0
V2301,Pathfinder,V6,3500,2000,SUV,AWD,2010,50.5
V2302,Pathfinder,V6,3500,2000,SUV,AWD,2008,30.0
V2303,Pathfinder,V6,3500,2000,SUV,AWD,2014,36.2
V2304,Altima,I4,2500,1450,Sedan,FWD,2014,42.5
V2305,Altima,I4,2500,1450,Sedan,FWD,2013,60.0
V2306,Pathfinder,V6,3500,2000,SUV,AWD,2009,71.1
V2307,Pathfinder,V6,3500,2000,SUV,AWD,2010,46.1
V2308,Altima,I4,2500,1450,Sedan,FWD,2010,38.2
V2309,Altima,I4,2500,1450,Sedan,FWD,2012,45.3
V2310,Altima,I4,2500,1450,Sedan,FWD,2009,48.9
V2311,X-Trail,I4,2500,1650,SUV,AWD,2010,36.8
V2312,Sunny,I4,1500,1050,Sedan,FWD,2022,58.0
V2313,Sunny,I4,1500,1050,Sedan,FWD,2021,42.3
V2314,Sunny,I4,1500,1050,Sedan,FWD,2014,45.0
V2315,Patrol,V6,4000,2600,SUV,AWD,2008,46.7
V2316,Altima,I4,2500,1450,Sedan,FWD,2022,44.2
V2317,Altima,I4,2500,1450,Sedan,FWD,2009,48.4
V2318,Sunny,I4,1500,1050,Sedan,FWD,2013,33.8
V2319,Sunny,I4,1500,1050,Sedan,FWD,2011,34.4
V2320,Altima,I4,2500,1450,Sedan,FWD,2019,29.0
V2321,Sunny,I4,1500,1050,Sedan,FWD,2021,44.4
V2322,Altima,I4,2500,1450,Sedan,FWD,2017,47.8
V2323,Pathfinder,V6,3500,2000,SUV,AWD,2009,44.6
V2324,X-Trail,I4,2500,1650,SUV,AWD,2010,56.7
V2325,Sunny,I4,1500,1050,Sedan,FWD,2014,39.9
V2326,X-Trail,I4,2500,1650,SUV,AWD,2018,46.7
V2327,Altima,I4,2500,1450,Sedan,FWD,2014,29.1
V2328,Sunny,I4,1500,1050,Sedan,FWD,2019,36.1
V2329,Patrol,V6,4000,2600,SUV,AWD,2010,47.0
V2330,X-Trail,I4,2500,1650,SUV,AWD,2018,48.5
V2331,Altima,I4,2500,1450,Sedan,FWD,2013,37.1
V2332,X-Trail,I4,2500,1650,SUV,AWD,2021,39.3
V2333,Sunny,I4,1500,1050,Sedan,FWD,2017,24.8
V2334,Patrol,V6,4000,2600,SUV,AWD,2018,36.4
V2335,Sunny,I4,1500,1050,Sedan,FWD,2011,48.9
V2336,Sunny,I4,1500,1050,Sedan,FWD,2012,45.8
V2337,Altima,I4,2500,1450,Sedan,FWD,2017,45.0
V2338,Pathfinder,V6,3500,2000,SUV,AWD,2012,40.5
V2339,Sunny,I4,1500,1050,Sedan,FWD,2011,40.1
V2340,Pathfinder,V6,3500,2000,SUV,AWD,2019,33.4
V2341,X-Trail,I4,2500,1650,SUV,AWD,2018,47.0
V2342,Pathfinder,V6,3500,2000,SUV,AWD,2018,44.2
V2343,Altima,I4,2500,1450,Sedan,FWD,2021,44.9
V2344,Altima,I4,2500,1450,Sedan,FWD,2016,34.7
V2345,Altima,I4,2500,1450,Sedan,FWD,2020,18.5
V2346,Patrol,V6,4000,2600,SUV,AWD,2021,51.0
V2347,Pathfinder,V6,3500,2000,SUV,AWD,2018,35.2
V2348,Sunny,I4,1500,1050,Sedan,FWD,2011,31.4
V2349,Altima,I4,2500,1450,Sedan,FWD,2010,46.9
V2350,Altima,I4,2500,1450,Sedan,FWD,2011,36.1
V2351,Pathfinder,V6,3500,2000,SUV,AWD,2012,50.6
V2352,Pathfinder,V6,3500,2000,SUV,AWD,2010,46.2
V2353,Patrol,V6,4000,2600,SUV,AWD,2015,46.8
V2354,Pathfinder,V6,3500,2000,SUV,AWD,2009,26.3
V2355,Pathfinder,V6,3500,2000,SUV,AWD,2010,52.1
V2356,Patrol,V6,4000,2600,SUV,AWD,2019,42.6
V2357,Pathfinder,V6,3500,2000,SUV,AWD,2008,36.3
V2358,Sunny,I4,1500,1050,Sedan,FWD,2020,41.4
V2359,Patrol,V6,4000,2600,SUV,AWD,2010,22.2
V2360,Pathfinder,V6,3500,2000,SUV,AWD,2015,44.1
V2361,Patrol,V6,4000,2600,SUV,AWD,2017,29.7
V2362,Pathfinder,V6,3500,2000,SUV,AWD,2011,26.5
V2363,Sunny,I4,1500,1050,Sedan,FWD,2021,24.8
V2364,Pathfinder,V6,3500,2000,SUV,AWD,2014,51.1
V2365,X-Trail,I4,2500,1650,SUV,AWD,2014,33.7
V2366,Patrol,V6,4000,2600,SUV,AWD,2009,55.3
V2367,Sunny,I4,1500,1050,Sedan,FWD,2014,34.6
V2368,Pathfinder,V6,3500,2000,SUV,AWD,2012,22.9
V2369,X-Trail,I4,2500,1650,SUV,AWD,2016,28.8
V2370,X-Trail,I4,2500,1650,SUV,AWD,2019,52.4
V2371,Pathfinder,V6,3500,2000,SUV,AWD,2019,38.4
V2372,X-Trail,I4,2500,1650,SUV,AWD,2018,34.5
V2373,Altima,I4,2500,1450,Sedan,FWD,2012,41.6
V2374,Altima,I4,2500,1450,Sedan,FWD,2012,45.0
V2375,Altima,I4,2500,1450,Sedan,FWD,2008,51.2
V2376,Pathfinder,V6,3500,2000,SUV,AWD,2014,54.5
V2377,Sunny,I4,1500,1050,Sedan,FWD,2016,36.4
V2378,Altima,I4,2500,1450,Sedan,FWD,2021,26.7
V2379,Patrol,V6,4000,2600,SUV,AWD,2016,35.9
V2380,X-Trail,I4,2500,1650,SUV,AWD,2019,42.6
V2381,Sunny,I4,1500,1050,Sedan,FWD,2009,30.4
V2382,X-Trail,I4,2500,1650,SUV,AWD,2021,30.4
V2383,Pathfinder,V6,3500,2000,SUV,AWD,2019,43.4
V2384,Pathfinder,V6,3500,2000,SUV,AWD,2008,39.5
V2385,Pathfinder,V6,3500,2000,SUV,AWD,2016,40.3
V2386,Pathfinder,V6,3500,2000,SUV,AWD,2010,32.4
V2387,Altima,I4,2500,1450,Sedan,FWD,2011,37.7
V2388,Sunny,I4,1500,1050,Sedan,FWD,2015,30.8
V2389,Altima,I4,2500,1450,Sedan,FWD,2008,48.9
V2390,Altima,I4,2500,1450,Sedan,FWD,2012,50.4
V2391,Pathfinder,V6,3500,2000,SUV,AWD,2018,21.5
V2392,Altima,I4,2500,1450,Sedan,FWD,2009,30.7
V2393,X-Trail,I4,2500,1650,SUV,AWD,2009,25.0
V2394,Pathfinder,V6,3500,2000,SUV,AWD,2015,33.5
V2395,Sunny,I4,1500,1050,Sedan,FWD,2012,39.2
V2396,Patrol,V6,4000,2600,SUV,AWD,2020,25.5
V2397,Patrol,V6,4000,2600,SUV,AWD,2020,30.8
V2398,X-Trail,I4,2500,1650,SUV,AWD,2022,30.0
V2399,Patrol,V6,4000,2600,SUV,AWD,2014,42.1
V2400,X-Trail,I4,2500,1650,SUV,AWD,2013,40.7
V2401,Pathfinder,V6,3500,2000,SUV,AWD,2014,32.8
V2402,X-Trail,I4,2500,1650,SUV,AWD,2020,41.8
V2403,Pathfinder,V6,3500,2000,SUV,AWD,2019,34.5
V2404,Sunny,I4,1500,1050,Sedan,FWD,2017,37.3
V2405,Altima,I4,2500,1450,Sedan,FWD,2013,56.7
V2406,Pathfinder,V6,3500,2000,SUV,AWD,2016,53.4
V2407,X-Trail,I4,2500,1650,SUV,AWD,2008,27.0
V2408,X-Trail,I4,2500,1650,SUV,AWD,2018,48.3
V2409,Pathfinder,V6,3500,2000,SUV,AWD,2019,48.1
V2410,Pathfinder,V6,3500,2000,SUV,AWD,2022,28.5
V2411,Sunny,I4,1500,1050,Sedan,FWD,2019,48.2
V2412,Altima,I4,2500,1450,Sedan,FWD,2021,55.4
V2413,Patrol,V6,4000,2600,SUV,AWD,2008,28.8
V2414,X-Trail,I4,2500,1650,SUV,AWD,2021,30.8
V2415,Pathfinder,V6,3500,2000,SUV,AWD,2010,50.2
V2416,Pathfinder,V6,3500,2000,SUV,AWD,2018,42.7
V2417,Altima,I4,2500,1450,Sedan,FWD,2020,45.5
V2418,Sunny,I4,1500,1050,Sedan,FWD,2014,43.4
V2419,X-Trail,I4,2500,1650,SUV,AWD,2022,43.9
V2420,X-Trail,I4,2500,1650,SUV,AWD,2018,26.7
V2421,Sunny,I4,1500,1050,Sedan,FWD,2018,50.5
V2422,Pathfinder,V6,3500,2000,SUV,AWD,2009,51.7
V2423,Altima,I4,2500,1450,Sedan,FWD,2022,37.7
V2424,Sunny,I4,1500,1050,Sedan,FWD,2018,39.6
V2425,Pathfinder,V6,3500,2000,SUV,AWD,2018,24.7
V2426,Pathfinder,V6,3500,2000,SUV,AWD,2020,45.1
V2427,X-Trail,I4,2500,1650,SUV,AWD,2009,45.7
V2428,Patrol,V6,4000,2600,SUV,AWD,2022,39.4
V2429,Patrol,V6,4000,2600,SUV,AWD,2013,51.2
V2430,Pathfinder,V6,3500,2000,SUV,AWD,2017,36.7
V2431,Patrol,V6,4000,2600,SUV,AWD,2016,45.6
V2432,Pathfinder,V6,3500,2000,SUV,AWD,2013,29.8
V2433,Altima,I4,2500,1450,Sedan,FWD,2016,39.8
V2434,Sunny,I4,1500,1050,Sedan,FWD,2014,38.3
V2435,X-Trail,I4,2500,1650,SUV,AWD,2010,42.3
V2436,Altima,I4,2500,1450,Sedan,FWD,2015,36.3
V2437,X-Trail,I4,2500,1650,SUV,AWD,2010,38.7
V2438,Sunny,I4,1500,1050,Sedan,FWD,2017,48.3
V2439,Sunny,I4,1500,1050,Sedan,FWD,2012,35.6
V2440,Pathfinder,V6,3500,2000,SUV,AWD,2018,23.9
V2441,Pathfinder,V6,3500,2000,SUV,AWD,2008,57.5
V2442,Altima,I4,2500,1450,Sedan,FWD,2021,53.8
V2443,Sunny,I4,1500,1050,Sedan,FWD,2022,27.1
V2444,Pathfinder,V6,3500,2000,SUV,AWD,2019,46.9
V2445,Altima,I4,2500,1450,Sedan,FWD,2008,35.0
V2446,Pathfinder,V6,3500,2000,SUV,AWD,2013,42.6
V2447,Patrol,V6,4000,2600,SUV,AWD,2019,42.9
V2448,Altima,I4,2500,1450,Sedan,FWD,2019,37.7
V2449,Altima,I4,2500,1450,Sedan,FWD,2013,32.2
V2450,Sunny,I4,1500,1050,Sedan,FWD,2021,33.1
V2451,Altima,I4,2500,1450,Sedan,FWD,2017,30.8
V2452,X-Trail,I4,2500,1650,SUV,AWD,2022,31.7
V2453,Altima,I4,2500,1450,Sedan,FWD,2019,39.3
V2454,Patrol,V6,4000,2600,SUV,AWD,2009,32.8
V2455,Altima,I4,2500,1450,Sedan,FWD,2014,46.8
V2456,Altima,I4,2500,1450,Sedan,FWD,2022,54.9
V2457,Pathfinder,V6,3500,2000,SUV,AWD,2010,34.2
V2458,Patrol,V6,4000,2600,SUV,AWD,2018,42.4
V2459,Altima,I4,2500,1450,Sedan,FWD,2018,45.0
V2460,Sunny,I4,1500,1050,Sedan,FWD,2011,44.7
V2461,Patrol,V6,4000,2600,SUV,AWD,2010,40.8
V2462,Sunny,I4,1500,1050,Sedan,FWD,2020,47.4
V2463,Pathfinder,V6,3500,2000,SUV,AWD,2012,44.8
V2464,Sunny,I4,1500,1050,Sedan,FWD,2009,27.6
V2465,Patrol,V6,4000,2600,SUV,AWD,2011,48.7
V2466,Patrol,V6,4000,2600,SUV,AWD,2015,48.9
V2467,Patrol,V6,4000,2600,SUV,AWD,2010,32.4
V2468,Pathfinder,V6,3500,2000,SUV,AWD,2012,40.4
V2469,Sunny,I4,1500,1050,Sedan,FWD,2019,46.8
V2470,Altima,I4,2500,1450,Sedan,FWD,2014,37.9
V2471,Patrol,V6,4000,2600,SUV,AWD,2021,50.7
V2472,Pathfinder,V6,3500,2000,SUV,AWD,2009,63.6
V2473,Sunny,I4,1500,1050,Sedan,FWD,2020,32.1
V2474,Sunny,I4,1500,1050,Sedan,FWD,2010,26.2
V2475,Sunny,I4,1500,1050,Sedan,FWD,2016,43.0
V2476,Sunny,I4,1500,1050,Sedan,FWD,2010,47.2
V2477,Sunny,I4,1500,1050,Sedan,FWD,2016,37.7
V2478,Sunny,I4,1500,1050,Sedan,FWD,2009,54.5
V2479,Patrol,V6,4000,2600,SUV,AWD,2010,26.6
V2480,Sunny,I4,1500,1050,Sedan,FWD,2011,46.9
V2481,Patrol,V6,4000,2600,SUV,AWD,2022,33.9
V2482,Pathfinder,V6,3500,2000,SUV,AWD,2010,57.2
V2483,Patrol,V6,4000,2600,SUV,AWD,2022,59.9
V2484,Patrol,V6,4000,2600,SUV,AWD,2016,32.3
V2485,Sunny,I4,1500,1050,Sedan,FWD,2011,34.5
V2486,Altima,I4,2500,1450,Sedan,FWD,2010,48.6
V2487,X-Trail,I4,2500,1650,SUV,AWD,2012,36.1
V2488,Sunny,I4,1500,1050,Sedan,FWD,2016,39.5
V2489,Altima,I4,2500,1450,Sedan,FWD,2014,40.3
V2490,Pathfinder,V6,3500,2000,SUV,AWD,2019,20.8
V2491,X-Trail,I4,2500,1650,SUV,AWD,2018,39.9
V2492,X-Trail,I4,2500,1650,SUV,AWD,2017,33.1
V2493,Patrol,V6,4000,2600,SUV,AWD,2010,35.1
V2494,Pathfinder,V6,3500,2000,SUV,AWD,2014,54.4
V2495,Sunny,I4,1500,1050,Sedan,FWD,2012,27.4
V2496,Patrol,V6,4000,2600,SUV,AWD,2014,48.1
V2497,X-Trail,I4,2500,1650,SUV,AWD,2022,37.2
V2498,Altima,I4,2500,1450,Sedan,FWD,2012,37.2
V2499,Altima,I4,2500,1450,Sedan,FWD,2014,47.9
V2500,Sunny,I4,1500,1050,Sedan,FWD,2010,43.4
